layer,P.layer,P.row,treat.1,Generation,bu,ID,ecotype,treat,flt,height,diam,biomass,fruit,rm
1,1,1_1,JA,Anc,NA,4,aaCol-0,JA,29,35.7,7,336.6,403,FALSE
1,1,1_2,Salt1,Anc,NA,17,aaCol-0,Salt1,31,34.3,10,216.1,281,FALSE
1,1,1_3,Salt2,Anc,NA,40,aaCol-0,Salt2,31,32.7,7,213.5,140,FALSE
1,1,1_4,Cd2,Anc,NA,54,aaCol-0,Cd2,29,45.5,7,145.8,251,FALSE
1,1,1_5,actr,Anc,NA,69,aaCol-0,actr1,33,40,10,342.4,363,FALSE
1,1,1_6,Cd1,Anc,NA,83,aaCol-0,Cd1,31,38.2,8.1,203,275,FALSE
1,1,1_7,JActr,Anc,NA,85,aaCol-0,JActr,31,41.6,8.5,247.8,231,FALSE
2,2,2_1,Nutrient2,Anc,NA,105,aaCol-0,Nutrient2,30,39,9,348.6,484,FALSE
2,2,2_2,actr,Anc,NA,125,aaCol-0,actr2,30,41.5,6.6,217.9,282,FALSE
2,2,2_4,Drought,Anc,NA,140,aaCol-0,Drought,30,42.2,6,122.8,127,FALSE
2,2,2_5,Leaf,Anc,NA,148,aaCol-0,Leaf,32,39.5,7.7,247.8,251,FALSE
2,2,2_6,Nutrient1,Anc,NA,158,aaCol-0,Nutrient1,30,32,8,129.5,220,FALSE
3,3,3_1,JA,Anc,NA,173,aaCol-0,JA,36,55.3,5.5,264.6,306,FALSE
3,3,3_2,Salt2,Anc,NA,186,aaCol-0,Salt2,39,32.1,1.5,68.7,58,FALSE
3,3,3_3,Salt1,Anc,NA,204,aaCol-0,Salt1,39,27.6,3.8,40.5,24,FALSE
3,3,3_4,Cd2,Anc,NA,219,aaCol-0,Cd2,32,38.7,4.7,99.8,81,FALSE
3,3,3_5,actr,Anc,NA,238,aaCol-0,actr1,35,40.2,5.5,163.9,113,FALSE
3,3,3_6,JActr,Anc,NA,240,aaCol-0,JActr,34,43.6,6.3,168.9,265,FALSE
3,3,3_7,Cd1,Anc,NA,258,aaCol-0,Cd1,36,42.6,4.3,87.3,103,FALSE
4,4,4_1,Drought,Anc,NA,270,aaCol-0,Drought,34,36.1,NA,75.2,63,FALSE
4,4,4_3,Leaf,Anc,NA,288,aaCol-0,Leaf,35,39.8,6.4,121.7,130,FALSE
4,4,4_4,Nutrient1,Anc,NA,304,aaCol-0,Nutrient1,41,NA,NA,118.7,NA,FALSE
4,4,4_6,actr,Anc,NA,320,aaCol-0,actr2,32,41.5,11.2,318.1,NA,FALSE
4,4,4_7,Nutrient2,Anc,NA,330,aaCol-0,Nutrient2,30,40.3,8.5,266.8,307,FALSE
5,5,5_1,Salt1,Anc,NA,338,aaCol-0,Salt1,34,38.1,5,157,133,FALSE
5,5,5_2,JActr,Anc,NA,363,aaCol-0,JActr,32,48,3.2,190.2,204,FALSE
5,5,5_3,Cd1,Anc,NA,367,aaCol-0,Cd1,39,35.9,6.7,134.8,119,FALSE
5,5,5_4,Cd2,Anc,NA,390,aaCol-0,Cd2,33,42.3,7.1,229,301,FALSE
5,5,5_5,JA,Anc,NA,401,aaCol-0,JA,34,43.8,11,431.1,510,FALSE
5,5,5_6,Salt2,Anc,NA,413,aaCol-0,Salt2,32,29.4,6.8,93.9,73,FALSE
5,5,5_7,actr,Anc,NA,434,aaCol-0,actr1,30,41,8.3,292.5,329,FALSE
7,7,7_1,Cd2,Anc,NA,438,aaCol-0,Cd2,29,30,5,76.9,111,FALSE
7,7,7_2,Cd1,Anc,NA,457,aaCol-0,Cd1,38,31,NA,114,88,FALSE
7,7,7_3,JA,Anc,NA,468,aaCol-0,JA,35,45.6,4.3,200.2,298,FALSE
7,7,7_4,actr,Anc,NA,482,aaCol-0,actr1,32,38.2,5.9,111,203,FALSE
7,7,7_5,Salt1,Anc,NA,491,aaCol-0,Salt1,30,35,NA,184.5,212,FALSE
7,7,7_6,JActr,Anc,NA,516,aaCol-0,JActr,31,38,2.5,68.5,58,FALSE
7,7,7_7,Salt2,Anc,NA,523,aaCol-0,Salt2,27,34.8,2.3,77.6,89,FALSE
8,8,8_1,Drought,Anc,NA,536,aaCol-0,Drought,29,39,5.1,101.3,120,FALSE
8,8,8_2,Nutrient1,Anc,NA,548,aaCol-0,Nutrient1,31,41.2,4,71.8,138,FALSE
8,8,8_3,Nutrient2,Anc,NA,573,aaCol-0,Nutrient2,29,37.4,6.2,336.8,404,FALSE
8,8,8_6,Leaf,Anc,NA,583,aaCol-0,Leaf,34,44.5,11.9,369.7,259,FALSE
8,8,8_7,actr,Anc,NA,598,aaCol-0,actr2,33,53,9.9,269.6,244,FALSE
9,9,9_1,actr,Anc,NA,606,aaCol-0,actr1,32,42.3,6.4,174.9,265,FALSE
9,9,9_2,Cd1,Anc,NA,624,aaCol-0,Cd1,31,54,NA,144.5,36,FALSE
9,9,9_3,Cd2,Anc,NA,640,aaCol-0,Cd2,34,38,7.2,157.2,176,FALSE
9,9,9_4,Salt1,Anc,NA,646,aaCol-0,Salt1,28,38,3,136.2,185,FALSE
9,9,9_5,Salt2,Anc,NA,667,aaCol-0,Salt2,31,34.6,NA,127.2,66,FALSE
9,9,9_6,JA,Anc,NA,682,aaCol-0,JA,31,42,9.1,346.8,408,FALSE
9,9,9_7,JActr,Anc,NA,693,aaCol-0,JActr,31,36.8,9,160.4,63,FALSE
10,10,10_1,actr,Anc,NA,704,aaCol-0,actr2,34,37.6,6,116.5,196,FALSE
10,10,10_2,Drought,Anc,NA,719,aaCol-0,Drought,30,26.3,NA,96.3,92,FALSE
10,10,10_3,Nutrient2,Anc,NA,742,aaCol-0,Nutrient2,31,33,9,218.7,176,FALSE
10,10,10_4,Leaf,Anc,NA,748,aaCol-0,Leaf,32,32.2,7.5,250.6,238,FALSE
10,10,10_5,Nutrient1,Anc,NA,764,aaCol-0,Nutrient1,31,39,7.6,108.7,136,FALSE
11,11,11_1,actr,Anc,NA,774,aaCol-0,actr1,37,36.8,NA,243.5,209,FALSE
11,11,11_2,JActr,Anc,NA,791,aaCol-0,JActr,33,43,6.5,417.1,308,FALSE
11,11,11_3,JA,Anc,NA,807,aaCol-0,JA,33,43.3,8.5,487.8,345,FALSE
11,11,11_4,Cd2,Anc,NA,819,aaCol-0,Cd2,34,43,7.1,210.2,260,FALSE
11,11,11_5,Salt1,Anc,NA,840,aaCol-0,Salt1,36,45.3,9.2,195,147,FALSE
11,11,11_6,Salt2,Anc,NA,842,aaCol-0,Salt2,31,46.5,9.3,183.5,93,FALSE
11,11,11_7,Cd1,Anc,NA,865,aaCol-0,Cd1,34,52,10.4,184.3,257,FALSE
12,12,12_3,Drought,Anc,NA,870,aaCol-0,Drought,38,48.5,7.1,225.2,206,FALSE
12,12,12_4,Nutrient2,Anc,NA,887,aaCol-0,Nutrient2,34,43.3,7.5,498.8,406,FALSE
12,12,12_5,actr,Anc,NA,904,aaCol-0,actr2,38,44,9.5,276.3,310,FALSE
12,12,12_6,Leaf,Anc,NA,918,aaCol-0,Leaf,NA,52,11.2,285.3,238,FALSE
12,12,12_7,Nutrient1,Anc,NA,928,aaCol-0,Nutrient1,35,36.3,4.3,194.8,123,FALSE
6,6,6_1,Leaf,Anc,NA,948,aaCol-0,Leaf,35,24.5,7.3,122.6,79,FALSE
6,6,6_2,Nutrient1,Anc,NA,957,aaCol-0,Nutrient1,34,33,6.2,117.9,216,FALSE
6,6,6_3,Drought,Anc,NA,969,aaCol-0,Drought,33,35.2,NA,190.2,210,FALSE
6,6,6_5,Nutrient2,Anc,NA,988,aaCol-0,Nutrient2,34,43,5.2,NA,264,FALSE
6,6,6_7,actr,Anc,NA,1004,aaCol-0,actr2,39,45.2,9.5,342.6,253,FALSE
1,1,1_1,JA,Anc,NA,2,Abd-0,JA,69,45,12.3,729.3,296,FALSE
1,1,1_2,Salt1,Anc,NA,16,Abd-0,Salt1,42,25.2,7.5,121.9,61,FALSE
1,1,1_3,Salt2,Anc,NA,38,Abd-0,Salt2,NA,NA,7.8,393.8,0,FALSE
1,1,1_4,Cd2,Anc,NA,52,Abd-0,Cd2,39,16.5,9.2,117.6,NA,FALSE
1,1,1_5,actr,Anc,NA,63,Abd-0,actr1,60,44.1,10.6,789.4,235,FALSE
1,1,1_6,Cd1,Anc,NA,79,Abd-0,Cd1,67,21.5,10,457.9,2,FALSE
1,1,1_7,JActr,Anc,NA,87,Abd-0,JActr,NA,55,12.1,921.1,210,FALSE
2,2,2_1,Nutrient2,Anc,NA,106,Abd-0,Nutrient2,65,36.2,10.6,766.3,12,FALSE
2,2,2_2,actr,Anc,NA,115,Abd-0,actr2,57,38,10.8,421,50,FALSE
2,2,2_4,Drought,Anc,NA,131,Abd-0,Drought,65,30.8,8.6,349.2,85,FALSE
2,2,2_5,Leaf,Anc,NA,153,Abd-0,Leaf,NA,36.7,10,348.3,265,FALSE
2,2,2_6,Nutrient1,Anc,NA,156,Abd-0,Nutrient1,NA,34.3,7.7,152.6,185,FALSE
3,3,3_1,JA,Anc,NA,172,Abd-0,JA,68,39,10.5,625.8,244,FALSE
3,3,3_2,Salt2,Anc,NA,184,Abd-0,Salt2,NA,NA,NA,NA,NA,FALSE
3,3,3_3,Salt1,Anc,NA,209,Abd-0,Salt1,68,17.5,7.6,185.9,0,FALSE
3,3,3_4,Cd2,Anc,NA,222,Abd-0,Cd2,63,29.4,10.5,234.8,129,FALSE
3,3,3_5,actr,Anc,NA,226,Abd-0,actr1,NA,40.5,12.6,549.1,218,FALSE
3,3,3_6,JActr,Anc,NA,239,Abd-0,JActr,NA,NA,NA,NA,NA,FALSE
3,3,3_7,Cd1,Anc,NA,255,Abd-0,Cd1,NA,37,8,269.9,127,FALSE
4,4,4_1,Drought,Anc,NA,268,Abd-0,Drought,NA,41,9,222.4,70,FALSE
4,4,4_3,Leaf,Anc,NA,291,Abd-0,Leaf,NA,NA,NA,NA,NA,FALSE
4,4,4_4,Nutrient1,Anc,NA,300,Abd-0,Nutrient1,67,38.2,8.6,296.6,145,FALSE
4,4,4_6,actr,Anc,NA,322,Abd-0,actr2,NA,49,14.5,747.7,278,FALSE
4,4,4_7,Nutrient2,Anc,NA,334,Abd-0,Nutrient2,50,43.5,12.2,785.7,313,FALSE
5,5,5_1,Salt1,Anc,NA,337,Abd-0,Salt1,NA,NA,5.2,NA,NA,FALSE
5,5,5_2,JActr,Anc,NA,358,Abd-0,JActr,NA,15,11.7,333.3,0,FALSE
5,5,5_3,Cd1,Anc,NA,376,Abd-0,Cd1,NA,21.7,6.7,138.2,NA,FALSE
5,5,5_4,Cd2,Anc,NA,380,Abd-0,Cd2,58,31.6,9.6,261.8,14,FALSE
5,5,5_5,JA,Anc,NA,394,Abd-0,JA,49,NA,NA,NA,NA,FALSE
5,5,5_6,Salt2,Anc,NA,419,Abd-0,Salt2,NA,NA,NA,NA,NA,FALSE
5,5,5_7,actr,Anc,NA,422,Abd-0,actr1,NA,31,10.2,579.6,201,FALSE
7,7,7_1,Cd2,Anc,NA,436,Abd-0,Cd2,70,20,7.3,197.7,NA,FALSE
7,7,7_2,Cd1,Anc,NA,451,Abd-0,Cd1,66,29.7,8,320.9,3,FALSE
7,7,7_3,JA,Anc,NA,470,Abd-0,JA,58,40,8.3,259.5,97,FALSE
7,7,7_4,actr,Anc,NA,489,Abd-0,actr1,63,35,8.2,257.1,46,FALSE
7,7,7_5,Salt1,Anc,NA,503,Abd-0,Salt1,58,26,8,319.7,58,FALSE
7,7,7_6,JActr,Anc,NA,511,Abd-0,JActr,58,38.6,8.5,363.8,135,FALSE
7,7,7_7,Salt2,Anc,NA,525,Abd-0,Salt2,NA,NA,9,351.6,NA,FALSE
8,8,8_1,Drought,Anc,NA,534,Abd-0,Drought,NA,NA,8.5,144.9,NA,FALSE
8,8,8_2,Nutrient1,Anc,NA,558,Abd-0,Nutrient1,NA,49.6,11.5,600.4,NA,FALSE
8,8,8_3,Nutrient2,Anc,NA,572,Abd-0,Nutrient2,NA,45.8,13.5,748.5,7,FALSE
8,8,8_6,Leaf,Anc,NA,575,Abd-0,Leaf,NA,40.6,8,370.5,114,FALSE
8,8,8_7,actr,Anc,NA,593,Abd-0,actr2,55,40,11,726.3,68,FALSE
9,9,9_1,actr,Anc,NA,604,Abd-0,actr1,56,40,9.6,177.6,148,FALSE
9,9,9_2,Cd1,Anc,NA,621,Abd-0,Cd1,NA,NA,NA,NA,NA,FALSE
9,9,9_3,Cd2,Anc,NA,631,Abd-0,Cd2,49,19.7,7,169.8,1,FALSE
9,9,9_4,Salt1,Anc,NA,649,Abd-0,Salt1,58,23,8.3,125.1,43,FALSE
9,9,9_5,Salt2,Anc,NA,664,Abd-0,Salt2,58,15.8,6.2,68.5,23,FALSE
9,9,9_6,JA,Anc,NA,676,Abd-0,JA,35,24.8,11,166.4,104,FALSE
9,9,9_7,JActr,Anc,NA,696,Abd-0,JActr,NA,43,14.6,880.7,104,FALSE
10,10,10_1,actr,Anc,NA,702,Abd-0,actr2,64,32,10.2,200.8,129,FALSE
10,10,10_2,Drought,Anc,NA,727,Abd-0,Drought,56,NA,NA,277.7,NA,FALSE
10,10,10_3,Nutrient2,Anc,NA,730,Abd-0,Nutrient2,NA,40.2,14,658.3,43,FALSE
10,10,10_4,Leaf,Anc,NA,755,Abd-0,Leaf,60,24.2,8,182.3,118,FALSE
10,10,10_5,Nutrient1,Anc,NA,762,Abd-0,Nutrient1,58,25.6,9.4,107.4,50,FALSE
11,11,11_1,actr,Anc,NA,772,Abd-0,actr1,62,44,12.6,667.2,108,FALSE
11,11,11_2,JActr,Anc,NA,795,Abd-0,JActr,64,39.4,13.5,825.1,141,FALSE
11,11,11_3,JA,Anc,NA,799,Abd-0,JA,42,45,8.6,620.1,223,FALSE
11,11,11_4,Cd2,Anc,NA,815,Abd-0,Cd2,21,27.2,NA,90.9,135,FALSE
11,11,11_5,Salt1,Anc,NA,837,Abd-0,Salt1,51,29,7.6,189.3,80,FALSE
11,11,11_6,Salt2,Anc,NA,851,Abd-0,Salt2,45,NA,NA,99.3,0,FALSE
11,11,11_7,Cd1,Anc,NA,856,Abd-0,Cd1,68,33.6,9.8,252.8,142,FALSE
12,12,12_3,Drought,Anc,NA,873,Abd-0,Drought,50,35,7.3,240.4,140,FALSE
12,12,12_4,Nutrient2,Anc,NA,883,Abd-0,Nutrient2,57,43,13.4,1003.9,174,FALSE
12,12,12_5,actr,Anc,NA,903,Abd-0,actr2,52,37.1,9,244.1,129,FALSE
12,12,12_6,Leaf,Anc,NA,913,Abd-0,Leaf,NA,NA,NA,NA,NA,FALSE
12,12,12_7,Nutrient1,Anc,NA,926,Abd-0,Nutrient1,56,NA,NA,263.7,NA,FALSE
6,6,6_1,Leaf,Anc,NA,939,Abd-0,Leaf,66,44.3,11.6,560.6,119,FALSE
6,6,6_2,Nutrient1,Anc,NA,955,Abd-0,Nutrient1,NA,39.2,9,202.7,79,FALSE
6,6,6_3,Drought,Anc,NA,977,Abd-0,Drought,64,34.6,8.5,497.9,40,FALSE
6,6,6_5,Nutrient2,Anc,NA,989,Abd-0,Nutrient2,54,44.5,11.4,724.5,153,FALSE
6,6,6_7,actr,Anc,NA,1001,Abd-0,actr2,60,40,10.2,493.9,NA,FALSE
1,1,1_1,JA,Anc,NA,14,Ang-1,JA,47,35.5,7.2,129.7,117,FALSE
1,1,1_2,Salt1,Anc,NA,15,Ang-1,Salt1,45,37.9,10.6,209.1,99,FALSE
1,1,1_3,Salt2,Anc,NA,37,Ang-1,Salt2,NA,36.2,8.2,234.8,98,FALSE
1,1,1_4,Cd2,Anc,NA,51,Ang-1,Cd2,50,28,7.2,144.4,136,FALSE
1,1,1_5,actr,Anc,NA,64,Ang-1,actr1,64,43.5,9,354.6,343,FALSE
1,1,1_6,Cd1,Anc,NA,77,Ang-1,Cd1,58,NA,NA,413.2,NA,FALSE
1,1,1_7,JActr,Anc,NA,86,Ang-1,JActr,43,42.9,8.5,327.2,343,FALSE
2,2,2_1,Nutrient2,Anc,NA,108,Ang-1,Nutrient2,39,41,6.2,208,226,FALSE
2,2,2_2,actr,Anc,NA,120,Ang-1,actr2,58,41.4,10.1,392.8,184,FALSE
2,2,2_4,Drought,Anc,NA,130,Ang-1,Drought,60,37.2,9.2,222.2,117,FALSE
2,2,2_5,Leaf,Anc,NA,142,Ang-1,Leaf,67,46.7,7,168.7,306,FALSE
2,2,2_6,Nutrient1,Anc,NA,168,Ang-1,Nutrient1,40,50.8,10.2,173,195,FALSE
3,3,3_1,JA,Anc,NA,171,Ang-1,JA,30,38.2,7.6,114.1,125,FALSE
3,3,3_2,Salt2,Anc,NA,196,Ang-1,Salt2,40,41.1,11.6,288.5,168,FALSE
3,3,3_3,Salt1,Anc,NA,207,Ang-1,Salt1,52,32.5,10,316.1,176,FALSE
3,3,3_4,Cd2,Anc,NA,211,Ang-1,Cd2,67,35,9.5,242.1,92,FALSE
3,3,3_5,actr,Anc,NA,231,Ang-1,actr1,41,43,9,168.7,242,FALSE
3,3,3_6,JActr,Anc,NA,247,Ang-1,JActr,56,51,9.2,228.2,245,FALSE
3,3,3_7,Cd1,Anc,NA,266,Ang-1,Cd1,58,36,8.2,342.3,205,FALSE
4,4,4_1,Drought,Anc,NA,280,Ang-1,Drought,54,NA,8.5,140.6,10,FALSE
4,4,4_3,Leaf,Anc,NA,293,Ang-1,Leaf,53,39.5,9,283,107,FALSE
4,4,4_4,Nutrient1,Anc,NA,299,Ang-1,Nutrient1,49,46.5,10,301.5,204,FALSE
4,4,4_6,actr,Anc,NA,316,Ang-1,actr2,58,39.5,9.6,248.3,185,FALSE
4,4,4_7,Nutrient2,Anc,NA,325,Ang-1,Nutrient2,48,42.5,10.1,498.1,309,FALSE
5,5,5_1,Salt1,Anc,NA,341,Ang-1,Salt1,40,25.2,NA,38.8,39,FALSE
5,5,5_2,JActr,Anc,NA,354,Ang-1,JActr,40,33.6,10.2,311.5,251,FALSE
5,5,5_3,Cd1,Anc,NA,368,Ang-1,Cd1,54,27,6.3,88.6,127,FALSE
5,5,5_4,Cd2,Anc,NA,387,Ang-1,Cd2,37,27,5.6,203.6,191,FALSE
5,5,5_5,JA,Anc,NA,402,Ang-1,JA,38,43,9.5,421,357,FALSE
5,5,5_6,Salt2,Anc,NA,415,Ang-1,Salt2,39,32.3,7.2,136.7,56,FALSE
5,5,5_7,actr,Anc,NA,428,Ang-1,actr1,42,28.6,NA,97.6,103,FALSE
7,7,7_1,Cd2,Anc,NA,448,Ang-1,Cd2,26,31.1,3.2,84.8,88,FALSE
7,7,7_2,Cd1,Anc,NA,460,Ang-1,Cd1,44,41,9.4,204.7,100,FALSE
7,7,7_3,JA,Anc,NA,464,Ang-1,JA,52,42.5,9.5,262.9,150,FALSE
7,7,7_4,actr,Anc,NA,483,Ang-1,actr1,51,41,8,344.9,226,FALSE
7,7,7_5,Salt1,Anc,NA,497,Ang-1,Salt1,40,42.3,8.5,207.8,91,FALSE
7,7,7_6,JActr,Anc,NA,515,Ang-1,JActr,46,40,7.5,175.3,167,FALSE
7,7,7_7,Salt2,Anc,NA,531,Ang-1,Salt2,46,NA,NA,244.4,NA,FALSE
8,8,8_1,Drought,Anc,NA,546,Ang-1,Drought,28,45.4,6.5,189.6,265,FALSE
8,8,8_2,Nutrient1,Anc,NA,551,Ang-1,Nutrient1,34,39,NA,92.2,140,FALSE
8,8,8_3,Nutrient2,Anc,NA,561,Ang-1,Nutrient2,31,38,NA,156.3,117,FALSE
8,8,8_6,Leaf,Anc,NA,581,Ang-1,Leaf,29,30,6,39.4,112,FALSE
8,8,8_7,actr,Anc,NA,601,Ang-1,actr2,31,NA,NA,236.3,NA,FALSE
9,9,9_1,actr,Anc,NA,616,Ang-1,actr1,56,30.1,7,125.1,170,FALSE
9,9,9_2,Cd1,Anc,NA,618,Ang-1,Cd1,58,48,8,257.4,138,FALSE
9,9,9_3,Cd2,Anc,NA,634,Ang-1,Cd2,40,34,5.5,73.3,105,FALSE
9,9,9_4,Salt1,Anc,NA,645,Ang-1,Salt1,38,38.6,3.6,243,88,FALSE
9,9,9_5,Salt2,Anc,NA,663,Ang-1,Salt2,58,22,2.8,80,6,FALSE
9,9,9_6,JA,Anc,NA,673,Ang-1,JA,53,30.5,6,52.4,53,FALSE
9,9,9_7,JActr,Anc,NA,691,Ang-1,JActr,49,33,NA,106.9,127,FALSE
10,10,10_1,actr,Anc,NA,714,Ang-1,actr2,36,44.1,7.6,72.2,62,FALSE
10,10,10_2,Drought,Anc,NA,720,Ang-1,Drought,49,36.2,8,120.4,60,FALSE
10,10,10_3,Nutrient2,Anc,NA,733,Ang-1,Nutrient2,45,38.5,8.8,405.8,143,FALSE
10,10,10_4,Leaf,Anc,NA,753,Ang-1,Leaf,48,46,6.5,NA,123,FALSE
10,10,10_5,Nutrient1,Anc,NA,759,Ang-1,Nutrient1,37,38.6,6,39.4,54,FALSE
11,11,11_1,actr,Anc,NA,784,Ang-1,actr1,33,33.5,NA,206.3,280,FALSE
11,11,11_2,JActr,Anc,NA,789,Ang-1,JActr,31,43.2,9.2,331.5,214,FALSE
11,11,11_3,JA,Anc,NA,801,Ang-1,JA,42,34,12.8,588.4,301,FALSE
11,11,11_4,Cd2,Anc,NA,821,Ang-1,Cd2,36,37.5,6.5,159.5,134,FALSE
11,11,11_5,Salt1,Anc,NA,831,Ang-1,Salt1,36,39.4,9.9,198.9,203,FALSE
11,11,11_6,Salt2,Anc,NA,843,Ang-1,Salt2,48,31.4,7.5,291.4,176,FALSE
11,11,11_7,Cd1,Anc,NA,866,Ang-1,Cd1,43,37.2,6.3,245.3,256,FALSE
12,12,12_3,Drought,Anc,NA,881,Ang-1,Drought,41,42.2,7.8,310.7,270,FALSE
12,12,12_4,Nutrient2,Anc,NA,885,Ang-1,Nutrient2,42,NA,NA,659.1,NA,FALSE
12,12,12_5,actr,Anc,NA,905,Ang-1,actr2,42,44.6,7.3,277.9,233,FALSE
12,12,12_6,Leaf,Anc,NA,924,Ang-1,Leaf,42,45,7,263.6,205,FALSE
12,12,12_7,Nutrient1,Anc,NA,938,Ang-1,Nutrient1,39,43,9,188.2,141,FALSE
6,6,6_1,Leaf,Anc,NA,940,Ang-1,Leaf,38,34,4,87.5,139,FALSE
6,6,6_2,Nutrient1,Anc,NA,958,Ang-1,Nutrient1,40,53,10.5,248.6,243,FALSE
6,6,6_3,Drought,Anc,NA,974,Ang-1,Drought,39,40.3,NA,143.5,102,FALSE
6,6,6_5,Nutrient2,Anc,NA,990,Ang-1,Nutrient2,38,48.7,12.5,558.7,350,FALSE
6,6,6_7,actr,Anc,NA,1006,Ang-1,actr2,40,36,7,208.6,365,FALSE
1,1,1_1,JA,Anc,NA,9,Dja-1,JA,67,16.1,8.2,214.8,54,FALSE
1,1,1_2,Salt1,Anc,NA,27,Dja-1,Salt1,NA,NA,NA,NA,NA,FALSE
1,1,1_3,Salt2,Anc,NA,34,Dja-1,Salt2,47,4,7,138.1,9,FALSE
1,1,1_4,Cd2,Anc,NA,48,Dja-1,Cd2,58,6.6,6.3,118.2,0,FALSE
1,1,1_5,actr,Anc,NA,68,Dja-1,actr1,58,13.5,NA,106.3,37,FALSE
1,1,1_6,Cd1,Anc,NA,72,Dja-1,Cd1,57,13,NA,125.7,NA,FALSE
1,1,1_7,JActr,Anc,NA,91,Dja-1,JActr,50,26.5,10.6,197.5,285,FALSE
2,2,2_1,Nutrient2,Anc,NA,110,Dja-1,Nutrient2,59,19.5,10,422.2,43,FALSE
2,2,2_2,actr,Anc,NA,126,Dja-1,actr2,55,17.6,NA,105.5,79,FALSE
2,2,2_5,Leaf,Anc,NA,149,Dja-1,Leaf,50,21.6,9,296.3,125,FALSE
2,2,2_6,Nutrient1,Anc,NA,163,Dja-1,Nutrient1,59,21.2,NA,54.6,62,FALSE
3,3,3_1,JA,Anc,NA,175,Dja-1,JA,63,26,NA,341.6,489,FALSE
3,3,3_2,Salt2,Anc,NA,191,Dja-1,Salt2,49,10,7.5,147.2,51,FALSE
3,3,3_3,Salt1,Anc,NA,203,Dja-1,Salt1,47,13.8,7.5,169.9,55,FALSE
3,3,3_4,Cd2,Anc,NA,220,Dja-1,Cd2,46,NA,NA,NA,NA,FALSE
3,3,3_5,actr,Anc,NA,235,Dja-1,actr1,51,19.3,8.5,NA,109,FALSE
3,3,3_6,JActr,Anc,NA,249,Dja-1,JActr,52,24,8.5,245.2,203,FALSE
3,3,3_7,Cd1,Anc,NA,263,Dja-1,Cd1,51,18.6,NA,237.9,105,FALSE
4,4,4_1,Drought,Anc,NA,275,Dja-1,Drought,46,28,NA,172.9,212,FALSE
4,4,4_3,Leaf,Anc,NA,290,Dja-1,Leaf,56,14.3,8.1,239.3,63,FALSE
4,4,4_4,Nutrient1,Anc,NA,301,Dja-1,Nutrient1,57,20,3.5,39,50,FALSE
4,4,4_6,actr,Anc,NA,319,Dja-1,actr2,47,25.3,8,455.9,143,FALSE
4,4,4_7,Nutrient2,Anc,NA,328,Dja-1,Nutrient2,52,23.2,8.5,483.3,312,FALSE
5,5,5_1,Salt1,Anc,NA,346,Dja-1,Salt1,49,13.1,7.2,129.4,110,FALSE
5,5,5_2,JActr,Anc,NA,355,Dja-1,JActr,58,27.2,8.6,454.1,313,FALSE
5,5,5_3,Cd1,Anc,NA,366,Dja-1,Cd1,46,24,7.8,103.7,76,FALSE
5,5,5_4,Cd2,Anc,NA,385,Dja-1,Cd2,44,22.5,6.2,144.9,116,FALSE
5,5,5_5,JA,Anc,NA,395,Dja-1,JA,58,20,7,558.6,181,FALSE
5,5,5_6,Salt2,Anc,NA,417,Dja-1,Salt2,39,30.2,3.6,99.7,95,FALSE
5,5,5_7,actr,Anc,NA,430,Dja-1,actr1,46,18.2,6.8,207.6,131,FALSE
7,7,7_1,Cd2,Anc,NA,443,Dja-1,Cd2,57,9,6,133.9,0,FALSE
7,7,7_2,Cd1,Anc,NA,459,Dja-1,Cd1,48,18.1,6.3,199,44,FALSE
7,7,7_3,JA,Anc,NA,465,Dja-1,JA,51,21.4,NA,87,145,FALSE
7,7,7_4,actr,Anc,NA,485,Dja-1,actr1,47,21,9,129.3,115,FALSE
7,7,7_5,Salt1,Anc,NA,498,Dja-1,Salt1,51,NA,NA,77.4,NA,FALSE
7,7,7_6,JActr,Anc,NA,507,Dja-1,JActr,40,18,6,121.4,150,FALSE
7,7,7_7,Salt2,Anc,NA,521,Dja-1,Salt2,49,5.2,4.6,86.2,8,FALSE
8,8,8_1,Drought,Anc,NA,541,Dja-1,Drought,50,23.4,NA,191.3,103,FALSE
8,8,8_2,Nutrient1,Anc,NA,557,Dja-1,Nutrient1,48,21,NA,94.6,138,FALSE
8,8,8_3,Nutrient2,Anc,NA,571,Dja-1,Nutrient2,NA,22,NA,564.9,151,FALSE
8,8,8_6,Leaf,Anc,NA,582,Dja-1,Leaf,59,24.8,9,374.8,242,FALSE
8,8,8_7,actr,Anc,NA,596,Dja-1,actr2,46,29.2,10,461.4,435,FALSE
9,9,9_1,actr,Anc,NA,611,Dja-1,actr1,58,23.3,7,230.1,238,FALSE
9,9,9_2,Cd1,Anc,NA,628,Dja-1,Cd1,NA,13,NA,12,9,FALSE
9,9,9_3,Cd2,Anc,NA,643,Dja-1,Cd2,58,12.8,NA,137.3,2,FALSE
9,9,9_4,Salt1,Anc,NA,650,Dja-1,Salt1,50,16.7,NA,178.7,175,FALSE
9,9,9_5,Salt2,Anc,NA,666,Dja-1,Salt2,50,5.5,NA,33.1,3,FALSE
9,9,9_6,JA,Anc,NA,683,Dja-1,JA,65,26.8,NA,391.8,366,FALSE
9,9,9_7,JActr,Anc,NA,689,Dja-1,JActr,58,26.5,9,412.7,236,FALSE
10,10,10_1,actr,Anc,NA,709,Dja-1,actr2,44,12.5,9,89.9,11,FALSE
10,10,10_2,Drought,Anc,NA,728,Dja-1,Drought,58,22,9.6,152.8,59,FALSE
10,10,10_3,Nutrient2,Anc,NA,737,Dja-1,Nutrient2,62,13.8,5.4,245.1,41,FALSE
10,10,10_4,Leaf,Anc,NA,750,Dja-1,Leaf,57,20.2,6.8,86.5,92,FALSE
10,10,10_5,Nutrient1,Anc,NA,769,Dja-1,Nutrient1,NA,6.7,NA,15.4,NA,FALSE
11,11,11_1,actr,Anc,NA,779,Dja-1,actr1,51,20.5,8.9,NA,NA,FALSE
11,11,11_2,JActr,Anc,NA,797,Dja-1,JActr,47,23.1,8.5,354.3,343,FALSE
11,11,11_3,JA,Anc,NA,809,Dja-1,JA,46,25.6,7.8,509.5,NA,FALSE
11,11,11_4,Cd2,Anc,NA,824,Dja-1,Cd2,58,7.5,NA,59.4,NA,FALSE
11,11,11_5,Salt1,Anc,NA,829,Dja-1,Salt1,38,18.3,4.3,140.5,181,FALSE
11,11,11_6,Salt2,Anc,NA,845,Dja-1,Salt2,44,14.8,6.6,132.6,78,FALSE
11,11,11_7,Cd1,Anc,NA,861,Dja-1,Cd1,43,26.1,4.3,172.2,201,FALSE
12,12,12_3,Drought,Anc,NA,878,Dja-1,Drought,51,25.5,8,223.1,252,FALSE
12,12,12_4,Nutrient2,Anc,NA,888,Dja-1,Nutrient2,39,NA,NA,682.5,NA,FALSE
12,12,12_5,actr,Anc,NA,908,Dja-1,actr2,58,21.1,7.6,108.5,47,FALSE
12,12,12_6,Leaf,Anc,NA,916,Dja-1,Leaf,57,16.7,NA,69.2,117,FALSE
12,12,12_7,Nutrient1,Anc,NA,933,Dja-1,Nutrient1,58,36.9,1.3,NA,156,FALSE
6,6,6_1,Leaf,Anc,NA,944,Dja-1,Leaf,67,23,8.8,381.2,197,FALSE
6,6,6_2,Nutrient1,Anc,NA,953,Dja-1,Nutrient1,56,23.5,NA,124.3,207,FALSE
6,6,6_3,Drought,Anc,NA,967,Dja-1,Drought,55,17.5,8.6,190.5,21,FALSE
6,6,6_5,Nutrient2,Anc,NA,984,Dja-1,Nutrient2,66,22.5,9,214.5,106,FALSE
6,6,6_7,actr,Anc,NA,1007,Dja-1,actr2,59,18.7,10.6,632,85,FALSE
1,1,1_1,JA,Anc,NA,8,En-1,JA,32,45.7,8.2,129.9,127,FALSE
1,1,1_2,Salt1,Anc,NA,19,En-1,Salt1,32,43,6.6,158.4,105,FALSE
1,1,1_3,Salt2,Anc,NA,35,En-1,Salt2,35,38.5,8.5,102.7,47,FALSE
1,1,1_4,Cd2,Anc,NA,49,En-1,Cd2,30,43,4.4,61.3,83,FALSE
1,1,1_5,actr,Anc,NA,62,En-1,actr1,32,57.3,9.1,272.4,174,FALSE
1,1,1_6,Cd1,Anc,NA,75,En-1,Cd1,27,53.6,7.4,105.4,148,FALSE
1,1,1_7,JActr,Anc,NA,97,En-1,JActr,31,55.1,10.7,357,364,FALSE
2,2,2_1,Nutrient2,Anc,NA,104,En-1,Nutrient2,30,54.5,7.2,323.4,311,FALSE
2,2,2_2,actr,Anc,NA,124,En-1,actr2,28,42.6,NA,61.4,93,FALSE
2,2,2_4,Drought,Anc,NA,136,En-1,Drought,35,48.2,4.3,92.8,96,FALSE
2,2,2_5,Leaf,Anc,NA,146,En-1,Leaf,30,33,8,135,256,FALSE
2,2,2_6,Nutrient1,Anc,NA,162,En-1,Nutrient1,30,56.2,10.2,76.1,142,FALSE
3,3,3_1,JA,Anc,NA,177,En-1,JA,32,NA,NA,295.4,NA,FALSE
3,3,3_2,Salt2,Anc,NA,190,En-1,Salt2,32,48.8,9.6,132.9,84,FALSE
3,3,3_3,Salt1,Anc,NA,201,En-1,Salt1,32,25.5,NA,22.6,35,FALSE
3,3,3_4,Cd2,Anc,NA,221,En-1,Cd2,31,54,6,147.9,172,FALSE
3,3,3_5,actr,Anc,NA,230,En-1,actr1,34,51.2,NA,246.2,156,FALSE
3,3,3_6,JActr,Anc,NA,251,En-1,JActr,31,58.5,12,290.7,256,FALSE
3,3,3_7,Cd1,Anc,NA,261,En-1,Cd1,33,42.5,7.2,82.1,126,FALSE
4,4,4_1,Drought,Anc,NA,274,En-1,Drought,29,51.5,NA,132.8,101,FALSE
4,4,4_3,Leaf,Anc,NA,281,En-1,Leaf,30,37.2,9.5,NA,149,FALSE
4,4,4_4,Nutrient1,Anc,NA,307,En-1,Nutrient1,33,51.2,9.3,149.4,149,FALSE
4,4,4_6,actr,Anc,NA,321,En-1,actr2,30,54,10.5,302.2,243,FALSE
4,4,4_7,Nutrient2,Anc,NA,323,En-1,Nutrient2,30,51.5,11.6,304.3,356,FALSE
5,5,5_1,Salt1,Anc,NA,340,En-1,Salt1,30,52.7,8.3,137.9,121,FALSE
5,5,5_2,JActr,Anc,NA,364,En-1,JActr,30,53.8,9.4,223,217,FALSE
5,5,5_3,Cd1,Anc,NA,365,En-1,Cd1,33,54,5.5,200.4,227,FALSE
5,5,5_4,Cd2,Anc,NA,383,En-1,Cd2,29,35.9,6.6,99.7,140,FALSE
5,5,5_5,JA,Anc,NA,404,En-1,JA,32,46.5,9,280.9,143,FALSE
5,5,5_6,Salt2,Anc,NA,407,En-1,Salt2,32,47.5,9.2,102.4,102,FALSE
5,5,5_7,actr,Anc,NA,426,En-1,actr1,34,46,NA,208.7,80,FALSE
7,7,7_1,Cd2,Anc,NA,442,En-1,Cd2,29,42.9,3.6,71,128,FALSE
7,7,7_2,Cd1,Anc,NA,456,En-1,Cd1,30,55.3,6.3,151,188,FALSE
7,7,7_3,JA,Anc,NA,466,En-1,JA,29,41,8,93.5,117,FALSE
7,7,7_4,actr,Anc,NA,488,En-1,actr1,26,54.3,NA,75.5,79,FALSE
7,7,7_5,Salt1,Anc,NA,504,En-1,Salt1,28,41.5,7.7,67.7,106,FALSE
7,7,7_6,JActr,Anc,NA,513,En-1,JActr,27,43.5,NA,97.9,156,FALSE
7,7,7_7,Salt2,Anc,NA,522,En-1,Salt2,29,44.6,6.2,112.1,158,FALSE
8,8,8_1,Drought,Anc,NA,540,En-1,Drought,26,46,NA,101.2,172,FALSE
8,8,8_2,Nutrient1,Anc,NA,553,En-1,Nutrient1,31,43.5,NA,505,69,FALSE
8,8,8_3,Nutrient2,Anc,NA,567,En-1,Nutrient2,30,42.1,6.9,121.5,78,FALSE
8,8,8_6,Leaf,Anc,NA,586,En-1,Leaf,29,33,8,150,117,FALSE
8,8,8_7,actr,Anc,NA,597,En-1,actr2,29,38,10.5,186.6,221,FALSE
9,9,9_1,actr,Anc,NA,610,En-1,actr1,34,40,10,55.4,53,FALSE
9,9,9_2,Cd1,Anc,NA,623,En-1,Cd1,31,NA,NA,NA,NA,FALSE
9,9,9_3,Cd2,Anc,NA,633,En-1,Cd2,28,41,7.2,107.3,105,FALSE
9,9,9_4,Salt1,Anc,NA,656,En-1,Salt1,35,46,9,135.2,135,FALSE
9,9,9_5,Salt2,Anc,NA,660,En-1,Salt2,30,27.5,NA,109.1,69,FALSE
9,9,9_6,JA,Anc,NA,685,En-1,JA,28,49.2,7,200.4,247,FALSE
9,9,9_7,JActr,Anc,NA,697,En-1,JActr,37,52,12.5,268.8,140,FALSE
10,10,10_1,actr,Anc,NA,708,En-1,actr2,38,47,8.5,134.2,176,FALSE
10,10,10_2,Drought,Anc,NA,723,En-1,Drought,NA,32,NA,51.2,12,FALSE
10,10,10_3,Nutrient2,Anc,NA,735,En-1,Nutrient2,32,39.2,NA,167.7,91,FALSE
10,10,10_4,Leaf,Anc,NA,749,En-1,Leaf,37,42,NA,81.5,117,FALSE
10,10,10_5,Nutrient1,Anc,NA,768,En-1,Nutrient1,31,49,7.8,135.5,113,FALSE
11,11,11_1,actr,Anc,NA,778,En-1,actr1,26,50.3,8.6,228.8,281,FALSE
11,11,11_2,JActr,Anc,NA,793,En-1,JActr,32,50.3,9.5,408,336,FALSE
11,11,11_3,JA,Anc,NA,802,En-1,JA,30,49,NA,264.3,217,FALSE
11,11,11_4,Cd2,Anc,NA,817,En-1,Cd2,30,45.2,6.9,80.8,114,FALSE
11,11,11_5,Salt1,Anc,NA,834,En-1,Salt1,34,43.7,8,81.1,62,FALSE
11,11,11_6,Salt2,Anc,NA,852,En-1,Salt2,28,42,5.5,92.1,78,FALSE
11,11,11_7,Cd1,Anc,NA,862,En-1,Cd1,29,47.8,8.5,210.4,201,FALSE
12,12,12_3,Drought,Anc,NA,877,En-1,Drought,30,45.6,NA,136.5,203,FALSE
12,12,12_4,Nutrient2,Anc,NA,889,En-1,Nutrient2,30,49,8,181.6,110,FALSE
12,12,12_5,actr,Anc,NA,901,En-1,actr2,28,20.5,7.2,103.2,182,FALSE
12,12,12_6,Leaf,Anc,NA,923,En-1,Leaf,34,40.6,6.5,199.3,203,FALSE
12,12,12_7,Nutrient1,Anc,NA,932,En-1,Nutrient1,29,45.2,6,76.8,129,FALSE
6,6,6_1,Leaf,Anc,NA,947,En-1,Leaf,28,35.5,9.5,254.5,156,FALSE
6,6,6_2,Nutrient1,Anc,NA,959,En-1,Nutrient1,32,33,NA,60.9,89,FALSE
6,6,6_3,Drought,Anc,NA,973,En-1,Drought,32,40,NA,169.6,185,FALSE
6,6,6_5,Nutrient2,Anc,NA,991,En-1,Nutrient2,30,50,7.7,398.2,293,FALSE
6,6,6_7,actr,Anc,NA,1000,En-1,actr2,29,33,11,326.5,263,FALSE
1,1,1_1,JA,Anc,NA,13,Fei-0,JA,43,55.5,9.2,368.9,278,FALSE
1,1,1_2,Salt1,Anc,NA,25,Fei-0,Salt1,NA,NA,NA,NA,NA,FALSE
1,1,1_4,Cd2,Anc,NA,50,Fei-0,Cd2,50,48,8.7,190.3,59,FALSE
1,1,1_5,actr,Anc,NA,58,Fei-0,actr1,35,45.8,5.6,330.4,325,FALSE
1,1,1_6,Cd1,Anc,NA,73,Fei-0,Cd1,54,36.7,10.5,273.7,121,FALSE
1,1,1_7,JActr,Anc,NA,88,Fei-0,JActr,43,48.2,12.8,395.4,226,FALSE
2,2,2_1,Nutrient2,Anc,NA,100,Fei-0,Nutrient2,43,48.5,12,552.7,NA,FALSE
2,2,2_2,actr,Anc,NA,119,Fei-0,actr2,62,46.2,12.4,364.3,100,FALSE
2,2,2_4,Drought,Anc,NA,129,Fei-0,Drought,46,35,9.5,258.2,0,FALSE
2,2,2_5,Leaf,Anc,NA,147,Fei-0,Leaf,47,29,12,90.6,26,FALSE
2,2,2_6,Nutrient1,Anc,NA,167,Fei-0,Nutrient1,44,55.4,9.5,208.9,293,FALSE
3,3,3_1,JA,Anc,NA,180,Fei-0,JA,55,42.3,10.3,430.4,189,FALSE
3,3,3_2,Salt2,Anc,NA,195,Fei-0,Salt2,40,48.8,9,255.8,212,FALSE
3,3,3_3,Salt1,Anc,NA,206,Fei-0,Salt1,40,45,9,137.2,86,FALSE
3,3,3_4,Cd2,Anc,NA,224,Fei-0,Cd2,40,NA,NA,NA,NA,FALSE
3,3,3_5,actr,Anc,NA,228,Fei-0,actr1,39,52.3,11.2,334.2,403,FALSE
3,3,3_6,JActr,Anc,NA,248,Fei-0,JActr,40,36,6.5,51.1,67,FALSE
3,3,3_7,Cd1,Anc,NA,253,Fei-0,Cd1,39,51.6,7.2,223.8,358,FALSE
4,4,4_1,Drought,Anc,NA,279,Fei-0,Drought,47,33,10,149.6,11,FALSE
4,4,4_3,Leaf,Anc,NA,286,Fei-0,Leaf,50,48,5.4,143.2,116,FALSE
4,4,4_4,Nutrient1,Anc,NA,306,Fei-0,Nutrient1,37,45,6,64.9,112,FALSE
4,4,4_6,actr,Anc,NA,313,Fei-0,actr2,37,46.2,NA,326,422,FALSE
4,4,4_7,Nutrient2,Anc,NA,329,Fei-0,Nutrient2,45,38.3,6.7,434,6,FALSE
5,5,5_1,Salt1,Anc,NA,342,Fei-0,Salt1,37,48,6.5,113.95,74,FALSE
5,5,5_2,JActr,Anc,NA,353,Fei-0,JActr,40,40,12.5,369,340,FALSE
5,5,5_3,Cd1,Anc,NA,377,Fei-0,Cd1,34,45.1,9,265.4,315,FALSE
5,5,5_4,Cd2,Anc,NA,386,Fei-0,Cd2,41,45.6,9.6,189.9,212,FALSE
5,5,5_5,JA,Anc,NA,393,Fei-0,JA,47,43.5,14.5,797.1,323,FALSE
5,5,5_6,Salt2,Anc,NA,412,Fei-0,Salt2,38,40.2,12.5,342.7,165,FALSE
5,5,5_7,actr,Anc,NA,425,Fei-0,actr1,30,45.2,8.6,405.5,414,FALSE
7,7,7_1,Cd2,Anc,NA,447,Fei-0,Cd2,46,44.5,7.4,164.5,53,FALSE
7,7,7_2,Cd1,Anc,NA,450,Fei-0,Cd1,50,34.5,8.7,191.7,21,FALSE
7,7,7_3,JA,Anc,NA,469,Fei-0,JA,42,40.3,6.7,207.5,305,FALSE
7,7,7_4,actr,Anc,NA,486,Fei-0,actr1,50,43.5,9,141.6,135,FALSE
7,7,7_5,Salt1,Anc,NA,494,Fei-0,Salt1,32,43,7,223.8,177,FALSE
7,7,7_6,JActr,Anc,NA,508,Fei-0,JActr,52,50.5,10,477.5,164,FALSE
7,7,7_7,Salt2,Anc,NA,519,Fei-0,Salt2,45,32.3,8.2,275.9,45,FALSE
8,8,8_1,Drought,Anc,NA,545,Fei-0,Drought,70,26.6,9,228.1,78,FALSE
8,8,8_2,Nutrient1,Anc,NA,552,Fei-0,Nutrient1,58,45,9.8,235.5,56,FALSE
8,8,8_3,Nutrient2,Anc,NA,565,Fei-0,Nutrient2,47,35.8,7.3,364.9,5,FALSE
8,8,8_6,Leaf,Anc,NA,576,Fei-0,Leaf,59,52,12,459.4,253,FALSE
8,8,8_7,actr,Anc,NA,589,Fei-0,actr2,52,43,15.2,643,103,FALSE
9,9,9_1,actr,Anc,NA,615,Fei-0,actr1,58,NA,NA,NA,NA,FALSE
9,9,9_2,Cd1,Anc,NA,626,Fei-0,Cd1,55,NA,11,395.2,222,FALSE
9,9,9_3,Cd2,Anc,NA,641,Fei-0,Cd2,35,44.5,7.5,153,59,FALSE
9,9,9_4,Salt1,Anc,NA,651,Fei-0,Salt1,54,39,9,228.7,129,FALSE
9,9,9_5,Salt2,Anc,NA,668,Fei-0,Salt2,39,33,6.2,116.8,35,FALSE
9,9,9_6,JA,Anc,NA,680,Fei-0,JA,34,46,NA,145,206,FALSE
9,9,9_7,JActr,Anc,NA,688,Fei-0,JActr,41,NA,NA,658.7,NA,FALSE
10,10,10_1,actr,Anc,NA,713,Fei-0,actr2,49,27,NA,40.8,76,FALSE
10,10,10_2,Drought,Anc,NA,724,Fei-0,Drought,33,40,NA,160.2,64,FALSE
10,10,10_3,Nutrient2,Anc,NA,729,Fei-0,Nutrient2,38,31.5,NA,257.7,95,FALSE
10,10,10_4,Leaf,Anc,NA,744,Fei-0,Leaf,51,47.8,11.1,239.8,203,FALSE
10,10,10_5,Nutrient1,Anc,NA,758,Fei-0,Nutrient1,33,44.5,11,147,242,FALSE
11,11,11_1,actr,Anc,NA,783,Fei-0,actr1,55,40.9,12.3,609.3,405,FALSE
11,11,11_2,JActr,Anc,NA,794,Fei-0,JActr,46,49.5,13.2,647.6,391,FALSE
11,11,11_3,JA,Anc,NA,812,Fei-0,JA,49,48.5,14.5,749.9,127,FALSE
11,11,11_4,Cd2,Anc,NA,820,Fei-0,Cd2,51,45.6,11.2,282.9,197,FALSE
11,11,11_5,Salt1,Anc,NA,833,Fei-0,Salt1,39,30.1,5.7,42.6,76,FALSE
11,11,11_6,Salt2,Anc,NA,850,Fei-0,Salt2,56,23.2,8.3,167.3,11,FALSE
11,11,11_7,Cd1,Anc,NA,863,Fei-0,Cd1,55,45.2,11.2,462.3,212,FALSE
12,12,12_3,Drought,Anc,NA,879,Fei-0,Drought,58,52.5,12,771.4,NA,FALSE
12,12,12_4,Nutrient2,Anc,NA,890,Fei-0,Nutrient2,49,30.5,NA,NA,56,FALSE
12,12,12_5,actr,Anc,NA,899,Fei-0,actr2,42,42.6,6.6,240.5,203,FALSE
12,12,12_6,Leaf,Anc,NA,919,Fei-0,Leaf,55,39.8,5.6,149,253,FALSE
12,12,12_7,Nutrient1,Anc,NA,937,Fei-0,Nutrient1,44,42.3,6.5,99.9,135,FALSE
6,6,6_1,Leaf,Anc,NA,945,Fei-0,Leaf,47,40,12.3,423.5,260,FALSE
6,6,6_2,Nutrient1,Anc,NA,965,Fei-0,Nutrient1,39,50.1,11.3,232.1,139,FALSE
6,6,6_3,Drought,Anc,NA,970,Fei-0,Drought,38,37,NA,164.3,62,FALSE
6,6,6_5,Nutrient2,Anc,NA,994,Fei-0,Nutrient2,57,45,14.5,NA,99,FALSE
6,6,6_7,actr,Anc,NA,995,Fei-0,actr2,39,NA,NA,NA,NA,FALSE
1,1,1_1,JA,Anc,NA,3,Kar-1,JA,30,37.8,5.2,171.3,250,FALSE
1,1,1_2,Salt1,Anc,NA,21,Kar-1,Salt1,30,25,3.7,113.5,157,FALSE
1,1,1_3,Salt2,Anc,NA,31,Kar-1,Salt2,31,25,5.8,93.9,100,FALSE
1,1,1_4,Cd2,Anc,NA,45,Kar-1,Cd2,29,31.8,6,138.5,226,FALSE
1,1,1_5,actr,Anc,NA,66,Kar-1,actr1,30,30,5,186.4,284,FALSE
1,1,1_6,Cd1,Anc,NA,74,Kar-1,Cd1,31,28.2,NA,97.1,159,FALSE
1,1,1_7,JActr,Anc,NA,93,Kar-1,JActr,32,31,6.3,128.7,74,FALSE
2,2,2_1,Nutrient2,Anc,NA,107,Kar-1,Nutrient2,32,30.8,4.5,105.7,143,FALSE
2,2,2_2,actr,Anc,NA,121,Kar-1,actr2,28,40.7,5.6,156.1,362,FALSE
2,2,2_4,Drought,Anc,NA,139,Kar-1,Drought,28,43,3,124.6,259,FALSE
2,2,2_5,Leaf,Anc,NA,150,Kar-1,Leaf,31,40.5,3.5,199.7,299,FALSE
2,2,2_6,Nutrient1,Anc,NA,157,Kar-1,Nutrient1,32,38.6,NA,104.6,225,FALSE
3,3,3_1,JA,Anc,NA,179,Kar-1,JA,30,25,2,90.5,75,FALSE
3,3,3_2,Salt2,Anc,NA,185,Kar-1,Salt2,33,15.9,NA,NA,13,FALSE
3,3,3_3,Salt1,Anc,NA,210,Kar-1,Salt1,30,25.2,NA,87.9,29,FALSE
3,3,3_4,Cd2,Anc,NA,214,Kar-1,Cd2,28,29.3,3.6,104.2,106,FALSE
3,3,3_5,actr,Anc,NA,233,Kar-1,actr1,30,NA,NA,131.8,NA,FALSE
3,3,3_6,JActr,Anc,NA,246,Kar-1,JActr,33,28.2,NA,79.3,142,FALSE
3,3,3_7,Cd1,Anc,NA,264,Kar-1,Cd1,32,27.2,NA,76.2,156,FALSE
4,4,4_1,Drought,Anc,NA,269,Kar-1,Drought,27,33.8,2.5,86.5,149,FALSE
4,4,4_3,Leaf,Anc,NA,292,Kar-1,Leaf,29,34.2,4.6,167.9,225,FALSE
4,4,4_4,Nutrient1,Anc,NA,298,Kar-1,Nutrient1,31,20,NA,69.5,94,FALSE
4,4,4_6,actr,Anc,NA,312,Kar-1,actr2,30,32.5,5.7,235.4,379,FALSE
4,4,4_7,Nutrient2,Anc,NA,333,Kar-1,Nutrient2,27,34.5,5,152.9,286,FALSE
5,5,5_1,Salt1,Anc,NA,344,Kar-1,Salt1,28,34,NA,97.8,140,FALSE
5,5,5_2,JActr,Anc,NA,361,Kar-1,JActr,30,13.9,NA,NA,31,FALSE
5,5,5_3,Cd1,Anc,NA,372,Kar-1,Cd1,29,30.5,6.7,165,231,FALSE
5,5,5_4,Cd2,Anc,NA,379,Kar-1,Cd2,30,34.2,6,NA,117,FALSE
5,5,5_5,JA,Anc,NA,400,Kar-1,JA,30,29.2,NA,137,185,FALSE
5,5,5_6,Salt2,Anc,NA,411,Kar-1,Salt2,28,30,4.8,87.3,142,FALSE
5,5,5_7,actr,Anc,NA,427,Kar-1,actr1,34,30,6.3,152.5,238,FALSE
7,7,7_1,Cd2,Anc,NA,437,Kar-1,Cd2,32,33.6,2.3,56.3,92,FALSE
7,7,7_2,Cd1,Anc,NA,461,Kar-1,Cd1,31,27.2,1.3,71.1,62,FALSE
7,7,7_3,JA,Anc,NA,467,Kar-1,JA,32,38.6,3.6,117.6,259,FALSE
7,7,7_4,actr,Anc,NA,479,Kar-1,actr1,32,22,4,69.9,176,FALSE
7,7,7_5,Salt1,Anc,NA,496,Kar-1,Salt1,30,37.3,2.6,81.9,106,FALSE
7,7,7_6,JActr,Anc,NA,514,Kar-1,JActr,35,33.5,1.5,96.8,210,FALSE
7,7,7_7,Salt2,Anc,NA,528,Kar-1,Salt2,26,28.2,1.2,109.4,103,FALSE
8,8,8_1,Drought,Anc,NA,535,Kar-1,Drought,30,32.1,NA,73.3,121,FALSE
8,8,8_2,Nutrient1,Anc,NA,549,Kar-1,Nutrient1,30,23.3,3.8,149,213,FALSE
8,8,8_3,Nutrient2,Anc,NA,563,Kar-1,Nutrient2,31,39.8,NA,120.5,126,FALSE
8,8,8_6,Leaf,Anc,NA,585,Kar-1,Leaf,30,31.9,NA,95.1,188,FALSE
8,8,8_7,actr,Anc,NA,600,Kar-1,actr2,34,33.5,7.2,207.1,403,FALSE
9,9,9_1,actr,Anc,NA,605,Kar-1,actr1,26,NA,3,90.6,159,FALSE
9,9,9_2,Cd1,Anc,NA,630,Kar-1,Cd1,33,33,NA,76.5,92,FALSE
9,9,9_3,Cd2,Anc,NA,638,Kar-1,Cd2,27,32,5.5,89.4,127,FALSE
9,9,9_4,Salt1,Anc,NA,647,Kar-1,Salt1,31,32.5,6,106.9,164,FALSE
9,9,9_5,Salt2,Anc,NA,672,Kar-1,Salt2,34,25.3,NA,118.5,98,FALSE
9,9,9_6,JA,Anc,NA,677,Kar-1,JA,32,40.2,7,145.5,270,FALSE
9,9,9_7,JActr,Anc,NA,687,Kar-1,JActr,37,38.6,NA,249,392,FALSE
10,10,10_1,actr,Anc,NA,703,Kar-1,actr2,30,NA,NA,NA,NA,FALSE
10,10,10_2,Drought,Anc,NA,716,Kar-1,Drought,33,NA,NA,81.1,NA,FALSE
10,10,10_3,Nutrient2,Anc,NA,739,Kar-1,Nutrient2,29,26,NA,173.2,219,FALSE
10,10,10_4,Leaf,Anc,NA,752,Kar-1,Leaf,30,32,NA,88.4,138,FALSE
10,10,10_5,Nutrient1,Anc,NA,757,Kar-1,Nutrient1,30,36.2,NA,62.8,123,FALSE
11,11,11_1,actr,Anc,NA,773,Kar-1,actr1,31,31.5,NA,139.4,225,FALSE
11,11,11_2,JActr,Anc,NA,785,Kar-1,JActr,30,33,NA,65.3,184,FALSE
11,11,11_3,JA,Anc,NA,811,Kar-1,JA,30,34.1,1.2,143.1,302,FALSE
11,11,11_4,Cd2,Anc,NA,813,Kar-1,Cd2,31,30.5,1.6,51.8,103,FALSE
11,11,11_5,Salt1,Anc,NA,836,Kar-1,Salt1,33,25.6,5.4,48.1,77,FALSE
11,11,11_6,Salt2,Anc,NA,841,Kar-1,Salt2,33,22.8,5,53.9,55,FALSE
11,11,11_7,Cd1,Anc,NA,855,Kar-1,Cd1,28,32.5,6.5,145.4,299,FALSE
12,12,12_3,Drought,Anc,NA,869,Kar-1,Drought,34,27.2,NA,58.9,92,FALSE
12,12,12_4,Nutrient2,Anc,NA,896,Kar-1,Nutrient2,33,37.3,3.6,139,196,FALSE
12,12,12_5,actr,Anc,NA,900,Kar-1,actr2,33,30.2,4.2,113.9,242,FALSE
12,12,12_6,Leaf,Anc,NA,915,Kar-1,Leaf,30,25.2,2.3,42.4,103,FALSE
12,12,12_7,Nutrient1,Anc,NA,927,Kar-1,Nutrient1,32,30.2,1.8,126.1,186,FALSE
6,6,6_1,Leaf,Anc,NA,950,Kar-1,Leaf,32,33,5,209.1,275,FALSE
6,6,6_2,Nutrient1,Anc,NA,963,Kar-1,Nutrient1,30,34.7,1.6,140.6,303,FALSE
6,6,6_3,Drought,Anc,NA,979,Kar-1,Drought,30,30.8,3.5,54,44,FALSE
6,6,6_5,Nutrient2,Anc,NA,985,Kar-1,Nutrient2,29,24,7,213.4,240,FALSE
6,6,6_7,actr,Anc,NA,997,Kar-1,actr2,30,37.5,7.5,256.3,315,FALSE
1,1,1_1,JA,Anc,NA,7,Ler-0,JA,27,19,2.5,69,110,FALSE
1,1,1_2,Salt1,Anc,NA,23,Ler-0,Salt1,31,16,2,30.4,38,FALSE
1,1,1_3,Salt2,Anc,NA,42,Ler-0,Salt2,30,3.6,NA,26.7,16,FALSE
1,1,1_4,Cd2,Anc,NA,56,Ler-0,Cd2,29,16.8,2.5,53.4,54,FALSE
1,1,1_5,actr,Anc,NA,65,Ler-0,actr1,29,19.8,2.4,73.9,126,FALSE
1,1,1_6,Cd1,Anc,NA,76,Ler-0,Cd1,29,17,2,55.3,109,FALSE
1,1,1_7,JActr,Anc,NA,98,Ler-0,JActr,29,10.2,1.5,21.7,8,FALSE
2,2,2_1,Nutrient2,Anc,NA,103,Ler-0,Nutrient2,25,21.5,3,127.7,82,FALSE
2,2,2_2,actr,Anc,NA,116,Ler-0,actr2,27,18.7,1.6,71.3,114,FALSE
2,2,2_4,Drought,Anc,NA,137,Ler-0,Drought,30,23,NA,61.9,60,FALSE
2,2,2_5,Leaf,Anc,NA,154,Ler-0,Leaf,35,22,3.5,215.5,83,FALSE
2,2,2_6,Nutrient1,Anc,NA,161,Ler-0,Nutrient1,29,21,NA,50,72,FALSE
3,3,3_1,JA,Anc,NA,181,Ler-0,JA,28,24,NA,138.8,248,FALSE
3,3,3_2,Salt2,Anc,NA,189,Ler-0,Salt2,30,17.5,NA,74.1,39,FALSE
3,3,3_3,Salt1,Anc,NA,202,Ler-0,Salt1,25,10.3,NA,85.8,9,FALSE
3,3,3_4,Cd2,Anc,NA,215,Ler-0,Cd2,31,24.3,NA,61.1,59,FALSE
3,3,3_5,actr,Anc,NA,229,Ler-0,actr1,28,25.6,1.6,97.5,103,FALSE
3,3,3_6,JActr,Anc,NA,250,Ler-0,JActr,30,22.8,NA,146.5,169,FALSE
3,3,3_7,Cd1,Anc,NA,262,Ler-0,Cd1,23,21.1,1.6,85.2,119,FALSE
4,4,4_1,Drought,Anc,NA,273,Ler-0,Drought,29,20.3,NA,54.3,82,FALSE
4,4,4_3,Leaf,Anc,NA,289,Ler-0,Leaf,NA,16.4,2.7,38,58,FALSE
4,4,4_4,Nutrient1,Anc,NA,303,Ler-0,Nutrient1,29,24,NA,128.1,138,FALSE
4,4,4_6,actr,Anc,NA,310,Ler-0,actr2,32,25.2,3.5,154.5,117,FALSE
4,4,4_7,Nutrient2,Anc,NA,332,Ler-0,Nutrient2,30,21.8,3.5,103.1,136,FALSE
5,5,5_1,Salt1,Anc,NA,347,Ler-0,Salt1,28,16.5,NA,24.1,44,FALSE
5,5,5_2,JActr,Anc,NA,360,Ler-0,JActr,30,17.4,NA,32,54,FALSE
5,5,5_3,Cd1,Anc,NA,374,Ler-0,Cd1,29,18.1,1.3,42.5,78,FALSE
5,5,5_4,Cd2,Anc,NA,388,Ler-0,Cd2,31,NA,NA,16.6,NA,FALSE
5,5,5_5,JA,Anc,NA,399,Ler-0,JA,29,24.3,NA,113.8,149,FALSE
5,5,5_6,Salt2,Anc,NA,410,Ler-0,Salt2,31,17.5,NA,30,21,FALSE
5,5,5_7,actr,Anc,NA,433,Ler-0,actr1,28,27.5,NA,150.1,118,FALSE
7,7,7_1,Cd2,Anc,NA,441,Ler-0,Cd2,27,19.4,NA,39.7,43,FALSE
7,7,7_2,Cd1,Anc,NA,462,Ler-0,Cd1,29,11.3,NA,27.6,36,FALSE
7,7,7_3,JA,Anc,NA,472,Ler-0,JA,NA,12,NA,16.1,34,FALSE
7,7,7_4,actr,Anc,NA,487,Ler-0,actr1,29,14,NA,31,63,FALSE
7,7,7_5,Salt1,Anc,NA,500,Ler-0,Salt1,26,22.4,NA,50.1,15,FALSE
7,7,7_6,JActr,Anc,NA,509,Ler-0,JActr,29,17.8,4.3,66.4,130,FALSE
7,7,7_7,Salt2,Anc,NA,527,Ler-0,Salt2,30,10.2,NA,34.6,43,FALSE
8,8,8_1,Drought,Anc,NA,539,Ler-0,Drought,26,16.5,NA,50.7,99,FALSE
8,8,8_2,Nutrient1,Anc,NA,559,Ler-0,Nutrient1,30,17.8,NA,60.4,39,FALSE
8,8,8_3,Nutrient2,Anc,NA,568,Ler-0,Nutrient2,26,19.2,NA,70.8,50,FALSE
8,8,8_6,Leaf,Anc,NA,588,Ler-0,Leaf,30,15.2,NA,40.2,6,FALSE
8,8,8_7,actr,Anc,NA,592,Ler-0,actr2,28,23.2,NA,74.5,66,FALSE
9,9,9_1,actr,Anc,NA,609,Ler-0,actr1,28,16.5,NA,33.5,45,FALSE
9,9,9_2,Cd1,Anc,NA,619,Ler-0,Cd1,27,19.2,NA,40.1,51,FALSE
9,9,9_3,Cd2,Anc,NA,642,Ler-0,Cd2,26,14.2,NA,21,34,FALSE
9,9,9_4,Salt1,Anc,NA,657,Ler-0,Salt1,28,19.1,NA,37.4,33,FALSE
9,9,9_5,Salt2,Anc,NA,662,Ler-0,Salt2,27,18,NA,110.1,71,FALSE
9,9,9_6,JA,Anc,NA,675,Ler-0,JA,27,16,NA,55.8,70,FALSE
9,9,9_7,JActr,Anc,NA,699,Ler-0,JActr,26,17.4,NA,77.1,119,FALSE
10,10,10_1,actr,Anc,NA,707,Ler-0,actr2,30,17.5,NA,35.9,94,FALSE
10,10,10_2,Drought,Anc,NA,726,Ler-0,Drought,28,17.4,NA,25.6,52,FALSE
10,10,10_3,Nutrient2,Anc,NA,732,Ler-0,Nutrient2,28,26.9,NA,113.7,119,FALSE
10,10,10_4,Leaf,Anc,NA,747,Ler-0,Leaf,29,19.4,NA,47.2,97,FALSE
10,10,10_5,Nutrient1,Anc,NA,767,Ler-0,Nutrient1,29,18.2,NA,21,41,FALSE
11,11,11_2,JActr,Anc,NA,796,Ler-0,JActr,30,31,6,174.8,195,FALSE
11,11,11_3,JA,Anc,NA,800,Ler-0,JA,27,20.8,NA,95.9,111,FALSE
11,11,11_4,Cd2,Anc,NA,825,Ler-0,Cd2,26,20.2,1.1,71.2,58,FALSE
11,11,11_5,Salt1,Anc,NA,828,Ler-0,Salt1,28,15.6,2.4,41.7,63,FALSE
11,11,11_6,Salt2,Anc,NA,854,Ler-0,Salt2,25,22.6,NA,57.1,45,FALSE
11,11,11_7,Cd1,Anc,NA,864,Ler-0,Cd1,27,22.5,5.2,81.2,101,FALSE
12,12,12_3,Drought,Anc,NA,875,Ler-0,Drought,28,23.2,NA,68.8,43,FALSE
12,12,12_4,Nutrient2,Anc,NA,892,Ler-0,Nutrient2,27,17.8,NA,120.4,180,FALSE
12,12,12_5,actr,Anc,NA,902,Ler-0,actr2,28,9.3,1.3,54.9,NA,FALSE
12,12,12_6,Leaf,Anc,NA,920,Ler-0,Leaf,31,18.5,1.8,72,55,FALSE
12,12,12_7,Nutrient1,Anc,NA,931,Ler-0,Nutrient1,28,21.5,NA,58.5,86,FALSE
6,6,6_1,Leaf,Anc,NA,941,Ler-0,Leaf,29,15.5,NA,29.4,47,FALSE
6,6,6_2,Nutrient1,Anc,NA,961,Ler-0,Nutrient1,28,17.1,NA,22.5,60,FALSE
6,6,6_3,Drought,Anc,NA,978,Ler-0,Drought,28,14.2,NA,34.3,56,FALSE
6,6,6_5,Nutrient2,Anc,NA,986,Ler-0,Nutrient2,30,20.2,NA,69.6,39,FALSE
6,6,6_7,actr,Anc,NA,998,Ler-0,actr2,30,26.3,3.2,131.5,135,FALSE
1,1,1_1,JA,Anc,NA,5,Olympia-0,JA,44,NA,NA,NA,NA,FALSE
1,1,1_2,Salt1,Anc,NA,22,Olympia-0,Salt1,46,26.7,7.4,66.6,54,FALSE
1,1,1_3,Salt2,Anc,NA,39,Olympia-0,Salt2,42,27.3,8,100.1,51,FALSE
1,1,1_4,Cd2,Anc,NA,53,Olympia-0,Cd2,41,29.9,6.2,55.2,73,FALSE
1,1,1_5,actr,Anc,NA,59,Olympia-0,actr1,38,42.2,9,187,286,FALSE
1,1,1_6,Cd1,Anc,NA,84,Olympia-0,Cd1,30,47.7,8.5,130.8,246,FALSE
1,1,1_7,JActr,Anc,NA,89,Olympia-0,JActr,43,31.1,8,92.5,197,FALSE
2,2,2_1,Nutrient2,Anc,NA,111,Olympia-0,Nutrient2,37,46,7.3,172.7,202,FALSE
2,2,2_2,actr,Anc,NA,117,Olympia-0,actr2,30,44.3,5.1,46.9,123,FALSE
2,2,2_4,Drought,Anc,NA,134,Olympia-0,Drought,34,40.3,NA,65.3,69,FALSE
2,2,2_5,Leaf,Anc,NA,141,Olympia-0,Leaf,NA,26.5,7.3,56.9,115,FALSE
2,2,2_6,Nutrient1,Anc,NA,159,Olympia-0,Nutrient1,44,33,NA,17.4,47,FALSE
3,3,3_1,JA,Anc,NA,170,Olympia-0,JA,43,39.7,6.8,141.3,303,FALSE
3,3,3_2,Salt2,Anc,NA,187,Olympia-0,Salt2,42,32.9,2.2,111.7,102,FALSE
3,3,3_3,Salt1,Anc,NA,205,Olympia-0,Salt1,42,25.5,NA,52.5,46,FALSE
3,3,3_4,Cd2,Anc,NA,213,Olympia-0,Cd2,49,41.2,5.5,101.2,189,FALSE
3,3,3_5,actr,Anc,NA,237,Olympia-0,actr1,37,34.5,10.6,NA,256,FALSE
3,3,3_6,JActr,Anc,NA,242,Olympia-0,JActr,34,41.2,2.6,124.1,256,FALSE
3,3,3_7,Cd1,Anc,NA,265,Olympia-0,Cd1,45,40,6.5,89.4,128,FALSE
4,4,4_1,Drought,Anc,NA,271,Olympia-0,Drought,34,37,NA,56.7,168,FALSE
4,4,4_3,Leaf,Anc,NA,287,Olympia-0,Leaf,35,41.6,2.7,104.3,195,FALSE
4,4,4_4,Nutrient1,Anc,NA,297,Olympia-0,Nutrient1,33,38.2,NA,81.5,141,FALSE
4,4,4_6,actr,Anc,NA,311,Olympia-0,actr2,42,39.5,8,230.9,362,FALSE
4,4,4_7,Nutrient2,Anc,NA,327,Olympia-0,Nutrient2,37,33,6,142.9,365,FALSE
5,5,5_1,Salt1,Anc,NA,339,Olympia-0,Salt1,38,30.4,6,57.1,92,FALSE
5,5,5_2,JActr,Anc,NA,352,Olympia-0,JActr,37,34.1,5.2,102.7,210,FALSE
5,5,5_3,Cd1,Anc,NA,371,Olympia-0,Cd1,35,56,6,108.1,166,FALSE
5,5,5_4,Cd2,Anc,NA,384,Olympia-0,Cd2,34,44,6.2,100.2,162,FALSE
5,5,5_5,JA,Anc,NA,398,Olympia-0,JA,41,33.5,4.4,71.6,181,FALSE
5,5,5_6,Salt2,Anc,NA,408,Olympia-0,Salt2,46,22,5,28.9,11,FALSE
5,5,5_7,actr,Anc,NA,423,Olympia-0,actr1,34,44,7.8,191.7,365,FALSE
7,7,7_1,Cd2,Anc,NA,439,Olympia-0,Cd2,30,34,5.5,89.3,101,FALSE
7,7,7_2,Cd1,Anc,NA,452,Olympia-0,Cd1,35,45.3,5.6,120.5,198,FALSE
7,7,7_3,JA,Anc,NA,475,Olympia-0,JA,35,31.4,1.3,36.5,68,FALSE
7,7,7_4,actr,Anc,NA,481,Olympia-0,actr1,39,39,5.1,85.8,256,FALSE
7,7,7_5,Salt1,Anc,NA,492,Olympia-0,Salt1,42,27.8,9.8,76.1,80,FALSE
7,7,7_6,JActr,Anc,NA,518,Olympia-0,JActr,34,36.5,2.5,70.2,87,FALSE
7,7,7_7,Salt2,Anc,NA,530,Olympia-0,Salt2,39,29.8,8.2,94.8,77,FALSE
8,8,8_1,Drought,Anc,NA,537,Olympia-0,Drought,32,29.3,NA,65.2,129,FALSE
8,8,8_2,Nutrient1,Anc,NA,556,Olympia-0,Nutrient1,39,15.3,NA,13.2,76,FALSE
8,8,8_3,Nutrient2,Anc,NA,574,Olympia-0,Nutrient2,44,43.4,4.3,156,221,FALSE
8,8,8_6,Leaf,Anc,NA,577,Olympia-0,Leaf,39,24.5,2.5,29.2,86,FALSE
8,8,8_7,actr,Anc,NA,599,Olympia-0,actr2,42,38.2,8,141.9,258,FALSE
9,9,9_1,actr,Anc,NA,607,Olympia-0,actr1,39,41,6.5,147.3,258,FALSE
9,9,9_2,Cd1,Anc,NA,627,Olympia-0,Cd1,35,27,7,128.9,161,FALSE
9,9,9_3,Cd2,Anc,NA,644,Olympia-0,Cd2,37,40.5,7.2,126.1,165,FALSE
9,9,9_4,Salt1,Anc,NA,648,Olympia-0,Salt1,39,29.2,NA,70.9,142,FALSE
9,9,9_5,Salt2,Anc,NA,670,Olympia-0,Salt2,35,40,6,87.6,133,FALSE
9,9,9_6,JA,Anc,NA,684,Olympia-0,JA,25,NA,NA,NA,NA,FALSE
9,9,9_7,JActr,Anc,NA,695,Olympia-0,JActr,38,40.4,9,175,211,FALSE
10,10,10_1,actr,Anc,NA,705,Olympia-0,actr2,37,33,NA,84.5,245,FALSE
10,10,10_2,Drought,Anc,NA,715,Olympia-0,Drought,49,36.8,4,102.5,151,FALSE
10,10,10_3,Nutrient2,Anc,NA,740,Olympia-0,Nutrient2,43,NA,NA,NA,NA,FALSE
10,10,10_4,Leaf,Anc,NA,751,Olympia-0,Leaf,37,31.5,NA,82.4,220,FALSE
10,10,10_5,Nutrient1,Anc,NA,765,Olympia-0,Nutrient1,34,38.9,6.7,134.4,175,FALSE
11,11,11_1,actr,Anc,NA,775,Olympia-0,actr1,32,38.6,5.1,181.4,203,FALSE
11,11,11_2,JActr,Anc,NA,787,Olympia-0,JActr,37,37,9.5,182.4,143,FALSE
11,11,11_3,JA,Anc,NA,806,Olympia-0,JA,35,39.2,5.5,328.8,447,FALSE
11,11,11_4,Cd2,Anc,NA,826,Olympia-0,Cd2,36,40.2,4.3,71.8,156,FALSE
11,11,11_5,Salt1,Anc,NA,835,Olympia-0,Salt1,37,39.8,7.2,106.44,188,FALSE
11,11,11_6,Salt2,Anc,NA,846,Olympia-0,Salt2,35,34.3,5.5,159.7,67,FALSE
11,11,11_7,Cd1,Anc,NA,860,Olympia-0,Cd1,31,41.2,7.2,272.7,298,FALSE
12,12,12_3,Drought,Anc,NA,872,Olympia-0,Drought,31,35.1,2.5,113.8,223,FALSE
12,12,12_4,Nutrient2,Anc,NA,895,Olympia-0,Nutrient2,35,35.3,6.5,307.4,458,FALSE
12,12,12_5,actr,Anc,NA,907,Olympia-0,actr2,36,43.2,6.5,210,283,FALSE
12,12,12_6,Leaf,Anc,NA,917,Olympia-0,Leaf,35,40.6,5.6,99.4,198,FALSE
12,12,12_7,Nutrient1,Anc,NA,929,Olympia-0,Nutrient1,40,40.3,4.3,104.2,192,FALSE
6,6,6_1,Leaf,Anc,NA,949,Olympia-0,Leaf,40,36,7,77.6,241,FALSE
6,6,6_2,Nutrient1,Anc,NA,954,Olympia-0,Nutrient1,33,33,NA,51.4,122,FALSE
6,6,6_3,Drought,Anc,NA,975,Olympia-0,Drought,33,36,NA,25.7,67,FALSE
6,6,6_5,Nutrient2,Anc,NA,993,Olympia-0,Nutrient2,35,NA,NA,140.7,NA,FALSE
6,6,6_7,actr,Anc,NA,1003,Olympia-0,actr2,38,48,8.5,281.6,429,FALSE
1,1,1_1,JA,Anc,NA,10,Sap-0,JA,39,27.5,2.5,84.8,93,FALSE
1,1,1_2,Salt1,Anc,NA,28,Sap-0,Salt1,40,33,6.7,110.6,105,FALSE
1,1,1_3,Salt2,Anc,NA,32,Sap-0,Salt2,44,24.3,7.5,166.4,46,FALSE
1,1,1_4,Cd2,Anc,NA,46,Sap-0,Cd2,58,20.3,NA,49.3,10,FALSE
1,1,1_5,actr,Anc,NA,70,Sap-0,actr1,43,34,3.5,61.6,37,FALSE
1,1,1_6,Cd1,Anc,NA,78,Sap-0,Cd1,44,29,4.8,73.2,50,FALSE
1,1,1_7,JActr,Anc,NA,92,Sap-0,JActr,48,40,5.1,104.1,117,FALSE
2,2,2_1,Nutrient2,Anc,NA,101,Sap-0,Nutrient2,52,28.2,NA,41.2,58,FALSE
2,2,2_2,actr,Anc,NA,118,Sap-0,actr2,39,23.7,2.2,12.3,39,FALSE
2,2,2_4,Drought,Anc,NA,138,Sap-0,Drought,38,25.3,0.8,21.7,49,FALSE
2,2,2_5,Leaf,Anc,NA,144,Sap-0,Leaf,53,31,NA,34.9,75,FALSE
2,2,2_6,Nutrient1,Anc,NA,164,Sap-0,Nutrient1,58,13.7,NA,4.8,11,FALSE
3,3,3_1,JA,Anc,NA,182,Sap-0,JA,37,36,NA,78.9,78,FALSE
3,3,3_2,Salt2,Anc,NA,192,Sap-0,Salt2,55,21.2,4.5,60.7,2,FALSE
3,3,3_3,Salt1,Anc,NA,200,Sap-0,Salt1,46,28.8,6,119,61,FALSE
3,3,3_4,Cd2,Anc,NA,218,Sap-0,Cd2,37,46.3,7.3,NA,138,FALSE
3,3,3_5,actr,Anc,NA,225,Sap-0,actr1,39,23,NA,47,28,FALSE
3,3,3_6,JActr,Anc,NA,244,Sap-0,JActr,52,NA,NA,35.8,NA,FALSE
3,3,3_7,Cd1,Anc,NA,257,Sap-0,Cd1,46,35.6,2.2,32.7,53,FALSE
4,4,4_1,Drought,Anc,NA,276,Sap-0,Drought,51,39,3.1,64.3,68,FALSE
4,4,4_3,Leaf,Anc,NA,285,Sap-0,Leaf,59,24.3,NA,34.9,25,FALSE
4,4,4_4,Nutrient1,Anc,NA,296,Sap-0,Nutrient1,46,26.9,3,17.4,21,FALSE
4,4,4_6,actr,Anc,NA,315,Sap-0,actr2,55,33.5,NA,23.3,33,FALSE
4,4,4_7,Nutrient2,Anc,NA,326,Sap-0,Nutrient2,47,35.4,6.4,110.7,NA,FALSE
5,5,5_1,Salt1,Anc,NA,343,Sap-0,Salt1,43,NA,NA,87.9,NA,FALSE
5,5,5_2,JActr,Anc,NA,357,Sap-0,JActr,38,37.3,4.4,142.6,192,FALSE
5,5,5_3,Cd1,Anc,NA,369,Sap-0,Cd1,40,37.3,4.3,105.4,136,FALSE
5,5,5_4,Cd2,Anc,NA,391,Sap-0,Cd2,35,17.3,5.9,55.7,15,FALSE
5,5,5_5,JA,Anc,NA,406,Sap-0,JA,58,40.7,2.6,98.6,112,FALSE
5,5,5_6,Salt2,Anc,NA,418,Sap-0,Salt2,41,10.1,3.2,122.8,26,FALSE
5,5,5_7,actr,Anc,NA,424,Sap-0,actr1,55,33.3,4.8,128.1,108,FALSE
7,7,7_1,Cd2,Anc,NA,444,Sap-0,Cd2,NA,NA,NA,NA,NA,FALSE
7,7,7_2,Cd1,Anc,NA,449,Sap-0,Cd1,43,30.5,5.6,71.4,22,FALSE
7,7,7_3,JA,Anc,NA,463,Sap-0,JA,38,36.5,NA,59.5,85,FALSE
7,7,7_4,actr,Anc,NA,490,Sap-0,actr1,44,41.2,NA,68.3,NA,FALSE
7,7,7_5,Salt1,Anc,NA,493,Sap-0,Salt1,43,NA,NA,NA,NA,FALSE
7,7,7_6,JActr,Anc,NA,512,Sap-0,JActr,38,29.3,NA,44.2,64,FALSE
7,7,7_7,Salt2,Anc,NA,520,Sap-0,Salt2,51,18.3,NA,46.6,17,FALSE
8,8,8_1,Drought,Anc,NA,542,Sap-0,Drought,37,27.4,3.3,55.8,44,FALSE
8,8,8_2,Nutrient1,Anc,NA,550,Sap-0,Nutrient1,35,NA,NA,NA,NA,FALSE
8,8,8_3,Nutrient2,Anc,NA,562,Sap-0,Nutrient2,42,24.7,NA,21.9,23,FALSE
8,8,8_6,Leaf,Anc,NA,587,Sap-0,Leaf,38,NA,NA,89.8,NA,FALSE
8,8,8_7,actr,Anc,NA,591,Sap-0,actr2,34,36,3,104.2,135,FALSE
9,9,9_1,actr,Anc,NA,612,Sap-0,actr1,32,31,8,93,58,FALSE
9,9,9_2,Cd1,Anc,NA,622,Sap-0,Cd1,36,NA,NA,45.9,0,FALSE
9,9,9_3,Cd2,Anc,NA,639,Sap-0,Cd2,NA,27.3,6.7,122.6,90,FALSE
9,9,9_4,Salt1,Anc,NA,652,Sap-0,Salt1,45,39.2,8,135.8,92,FALSE
9,9,9_5,Salt2,Anc,NA,661,Sap-0,Salt2,41,30,NA,82.9,41,FALSE
9,9,9_6,JA,Anc,NA,686,Sap-0,JA,57,32.5,NA,170,143,FALSE
9,9,9_7,JActr,Anc,NA,690,Sap-0,JActr,43,40,7.5,152.7,132,FALSE
10,10,10_1,actr,Anc,NA,710,Sap-0,actr2,39,43.8,7.8,167.7,154,FALSE
10,10,10_2,Drought,Anc,NA,718,Sap-0,Drought,32,44.7,NA,91.3,67,FALSE
10,10,10_3,Nutrient2,Anc,NA,734,Sap-0,Nutrient2,46,41,10,160,152,FALSE
10,10,10_4,Leaf,Anc,NA,746,Sap-0,Leaf,58,43.5,7.6,419.8,77,FALSE
10,10,10_5,Nutrient1,Anc,NA,770,Sap-0,Nutrient1,60,32.8,7.4,137.1,28,FALSE
11,11,11_1,actr,Anc,NA,780,Sap-0,actr1,42,39,8.3,290.7,311,FALSE
11,11,11_2,JActr,Anc,NA,790,Sap-0,JActr,59,29.6,4.7,363.1,321,FALSE
11,11,11_3,JA,Anc,NA,810,Sap-0,JA,35,42.3,8.2,450.5,304,FALSE
11,11,11_4,Cd2,Anc,NA,823,Sap-0,Cd2,58,27.3,5.5,165.2,2,FALSE
11,11,11_5,Salt1,Anc,NA,838,Sap-0,Salt1,42,39.8,3.6,143,72,FALSE
11,11,11_6,Salt2,Anc,NA,848,Sap-0,Salt2,NA,NA,6.7,196.6,NA,FALSE
11,11,11_7,Cd1,Anc,NA,867,Sap-0,Cd1,39,43.2,6.3,364.9,210,FALSE
12,12,12_3,Drought,Anc,NA,876,Sap-0,Drought,NA,32.3,1.6,197.5,78,FALSE
12,12,12_4,Nutrient2,Anc,NA,891,Sap-0,Nutrient2,62,23.3,NA,162.2,149,FALSE
12,12,12_5,actr,Anc,NA,910,Sap-0,actr2,58,43,8,197.2,192,FALSE
12,12,12_6,Leaf,Anc,NA,921,Sap-0,Leaf,53,44,7,198.7,142,FALSE
12,12,12_7,Nutrient1,Anc,NA,934,Sap-0,Nutrient1,48,44.5,8.8,126.7,97,FALSE
6,6,6_1,Leaf,Anc,NA,942,Sap-0,Leaf,52,29.5,NA,124.5,169,FALSE
6,6,6_2,Nutrient1,Anc,NA,962,Sap-0,Nutrient1,33,32.2,NA,27.8,66,FALSE
6,6,6_3,Drought,Anc,NA,980,Sap-0,Drought,37,30.5,1.3,51.1,78,FALSE
6,6,6_5,Nutrient2,Anc,NA,987,Sap-0,Nutrient2,36,37,NA,63.6,45,FALSE
6,6,6_7,actr,Anc,NA,1005,Sap-0,actr2,33,NA,NA,75.9,NA,FALSE
1,1,1_1,JA,Anc,NA,1,Tol-0,JA,67,55,10.4,678.8,200,FALSE
1,1,1_2,Salt1,Anc,NA,18,Tol-0,Salt1,58,34.4,7.4,247.1,121,FALSE
1,1,1_3,Salt2,Anc,NA,29,Tol-0,Salt2,NA,NA,NA,NA,NA,FALSE
1,1,1_4,Cd2,Anc,NA,43,Tol-0,Cd2,NA,43,8.5,276.3,188,FALSE
1,1,1_5,actr,Anc,NA,67,Tol-0,actr1,NA,48,12,577.2,228,FALSE
1,1,1_6,Cd1,Anc,NA,81,Tol-0,Cd1,70,23.2,10.3,315.4,NA,FALSE
1,1,1_7,JActr,Anc,NA,95,Tol-0,JActr,NA,27,12.5,616.3,0,FALSE
2,2,2_1,Nutrient2,Anc,NA,99,Tol-0,Nutrient2,NA,31,12,756.2,13,FALSE
2,2,2_2,actr,Anc,NA,122,Tol-0,actr2,67,53.2,9,501.5,273,FALSE
2,2,2_4,Drought,Anc,NA,133,Tol-0,Drought,70,37,10.4,275.2,83,FALSE
2,2,2_5,Leaf,Anc,NA,145,Tol-0,Leaf,NA,26,14.9,328.8,0,FALSE
2,2,2_6,Nutrient1,Anc,NA,155,Tol-0,Nutrient1,65,46.7,10,208.6,78,FALSE
3,3,3_1,JA,Anc,NA,169,Tol-0,JA,67,36.4,12.8,530,144,FALSE
3,3,3_2,Salt2,Anc,NA,183,Tol-0,Salt2,NA,NA,9.5,184.3,NA,FALSE
3,3,3_3,Salt1,Anc,NA,208,Tol-0,Salt1,58,44,9.6,285.2,106,FALSE
3,3,3_4,Cd2,Anc,NA,217,Tol-0,Cd2,NA,61,NA,174.5,201,FALSE
3,3,3_5,actr,Anc,NA,227,Tol-0,actr1,NA,50,11,467.3,112,FALSE
3,3,3_6,JActr,Anc,NA,241,Tol-0,JActr,63,37.6,14,576.8,159,FALSE
3,3,3_7,Cd1,Anc,NA,256,Tol-0,Cd1,NA,44,9.8,301.8,228,FALSE
4,4,4_1,Drought,Anc,NA,267,Tol-0,Drought,NA,48.1,7.5,212.3,90,FALSE
4,4,4_3,Leaf,Anc,NA,282,Tol-0,Leaf,65,42.2,10,286.9,90,FALSE
4,4,4_4,Nutrient1,Anc,NA,305,Tol-0,Nutrient1,60,49.5,11,262.3,93,FALSE
4,4,4_6,actr,Anc,NA,314,Tol-0,actr2,58,41.9,14,643.8,20,FALSE
4,4,4_7,Nutrient2,Anc,NA,331,Tol-0,Nutrient2,NA,31,12.5,734.8,7,FALSE
5,5,5_1,Salt1,Anc,NA,348,Tol-0,Salt1,NA,37.1,8.2,226.4,NA,FALSE
5,5,5_2,JActr,Anc,NA,362,Tol-0,JActr,NA,36.6,10.2,280.4,NA,FALSE
5,5,5_3,Cd1,Anc,NA,373,Tol-0,Cd1,56,37.2,10.5,320.7,2,FALSE
5,5,5_4,Cd2,Anc,NA,389,Tol-0,Cd2,61,41.2,10.4,273.2,115,FALSE
5,5,5_5,JA,Anc,NA,396,Tol-0,JA,59,44.5,12.6,743.6,200,FALSE
5,5,5_6,Salt2,Anc,NA,416,Tol-0,Salt2,NA,NA,10,206.4,NA,FALSE
5,5,5_7,actr,Anc,NA,429,Tol-0,actr1,66,47.6,10.6,799.9,131,FALSE
7,7,7_1,Cd2,Anc,NA,435,Tol-0,Cd2,NA,18.6,7,147.7,NA,FALSE
7,7,7_2,Cd1,Anc,NA,453,Tol-0,Cd1,NA,38,9,248.1,120,FALSE
7,7,7_3,JA,Anc,NA,474,Tol-0,JA,64,43,6,NA,133,FALSE
7,7,7_4,actr,Anc,NA,478,Tol-0,actr1,63,42.5,8,217.7,45,FALSE
7,7,7_5,Salt1,Anc,NA,501,Tol-0,Salt1,50,41.5,9.8,239.8,85,FALSE
7,7,7_6,JActr,Anc,NA,517,Tol-0,JActr,50,49.1,9.6,212.7,117,FALSE
7,7,7_7,Salt2,Anc,NA,532,Tol-0,Salt2,52,28.2,8.4,227,43,FALSE
8,8,8_1,Drought,Anc,NA,533,Tol-0,Drought,NA,NA,9,97.1,NA,FALSE
8,8,8_2,Nutrient1,Anc,NA,547,Tol-0,Nutrient1,67,52.2,10.6,243.3,122,FALSE
8,8,8_3,Nutrient2,Anc,NA,566,Tol-0,Nutrient2,NA,51.5,15,1059.9,323,FALSE
8,8,8_6,Leaf,Anc,NA,578,Tol-0,Leaf,63,38.2,8.8,269.6,67,FALSE
8,8,8_7,actr,Anc,NA,594,Tol-0,actr2,63,48.2,15.3,867.1,92,FALSE
9,9,9_1,actr,Anc,NA,603,Tol-0,actr1,65,48.7,11.6,422.8,120,FALSE
9,9,9_2,Cd1,Anc,NA,625,Tol-0,Cd1,67,28,NA,139.2,2,FALSE
9,9,9_3,Cd2,Anc,NA,636,Tol-0,Cd2,58,43,7.8,194.4,57,FALSE
9,9,9_4,Salt1,Anc,NA,654,Tol-0,Salt1,58,43.6,7.5,200.6,72,FALSE
9,9,9_5,Salt2,Anc,NA,665,Tol-0,Salt2,55,37.9,8.8,179.8,43,FALSE
9,9,9_6,JA,Anc,NA,678,Tol-0,JA,NA,45,9,583.8,180,FALSE
9,9,9_7,JActr,Anc,NA,692,Tol-0,JActr,57,39.5,14.5,634.6,130,FALSE
10,10,10_1,actr,Anc,NA,701,Tol-0,actr2,51,NA,NA,NA,NA,FALSE
10,10,10_2,Drought,Anc,NA,725,Tol-0,Drought,NA,NA,8.2,95,NA,FALSE
10,10,10_3,Nutrient2,Anc,NA,741,Tol-0,Nutrient2,60,39.2,14.2,893.8,131,FALSE
10,10,10_4,Leaf,Anc,NA,745,Tol-0,Leaf,57,40,10.2,432,63,FALSE
10,10,10_5,Nutrient1,Anc,NA,766,Tol-0,Nutrient1,55,44,8.5,95.2,44,FALSE
11,11,11_1,actr,Anc,NA,771,Tol-0,actr1,51,54,13.4,676.1,278,FALSE
11,11,11_2,JActr,Anc,NA,786,Tol-0,JActr,NA,32,12.7,489,13,FALSE
11,11,11_3,JA,Anc,NA,803,Tol-0,JA,NA,58.2,14,901.6,372,FALSE
11,11,11_4,Cd2,Anc,NA,818,Tol-0,Cd2,61,42,8.9,332.3,7,FALSE
11,11,11_5,Salt1,Anc,NA,832,Tol-0,Salt1,46,41.1,8.7,225.4,91,FALSE
11,11,11_6,Salt2,Anc,NA,853,Tol-0,Salt2,49,23.2,9.2,120.6,6,FALSE
11,11,11_7,Cd1,Anc,NA,857,Tol-0,Cd1,64,43,7.6,315.2,70,FALSE
12,12,12_3,Drought,Anc,NA,880,Tol-0,Drought,NA,35.2,10.6,447,17,FALSE
12,12,12_4,Nutrient2,Anc,NA,884,Tol-0,Nutrient2,58,38.4,12.3,838.4,84,FALSE
12,12,12_5,actr,Anc,NA,909,Tol-0,actr2,53,45.2,10.4,512.7,114,FALSE
12,12,12_6,Leaf,Anc,NA,914,Tol-0,Leaf,58,48,8.7,296.9,132,FALSE
12,12,12_7,Nutrient1,Anc,NA,925,Tol-0,Nutrient1,NA,22.5,NA,105.8,42,FALSE
6,6,6_1,Leaf,Anc,NA,951,Tol-0,Leaf,69,26,15.1,776.5,0,FALSE
6,6,6_2,Nutrient1,Anc,NA,960,Tol-0,Nutrient1,59,42,8.5,119.7,30,FALSE
6,6,6_3,Drought,Anc,NA,976,Tol-0,Drought,63,49,9,597.2,191,FALSE
6,6,6_5,Nutrient2,Anc,NA,992,Tol-0,Nutrient2,NA,33,15.5,857.1,15,FALSE
6,6,6_7,actr,Anc,NA,999,Tol-0,actr2,62,48,15,947.6,247,FALSE
1,1,1_1,JA,Anc,NA,12,TRE-1,JA,50,56.7,12.1,708.9,167,FALSE
1,1,1_2,Salt1,Anc,NA,26,TRE-1,Salt1,39,43.3,12.5,319.1,136,FALSE
1,1,1_3,Salt2,Anc,NA,33,TRE-1,Salt2,41,27.6,7,223.3,46,FALSE
1,1,1_4,Cd2,Anc,NA,47,TRE-1,Cd2,NA,NA,NA,NA,NA,FALSE
1,1,1_5,actr,Anc,NA,60,TRE-1,actr1,46,76,10.2,612.1,159,FALSE
1,1,1_6,Cd1,Anc,NA,71,TRE-1,Cd1,NA,62.5,14.2,500.3,207,FALSE
1,1,1_7,JActr,Anc,NA,90,TRE-1,JActr,50,56,14,589.8,176,FALSE
2,2,2_1,Nutrient2,Anc,NA,109,TRE-1,Nutrient2,59,71.8,12.5,801.7,40,FALSE
2,2,2_2,actr,Anc,NA,123,TRE-1,actr2,56,55,10.2,435.8,141,FALSE
2,2,2_4,Drought,Anc,NA,128,TRE-1,Drought,62,52.8,13.3,483.2,229,FALSE
2,2,2_5,Leaf,Anc,NA,151,TRE-1,Leaf,66,73.5,11.8,651,141,FALSE
2,2,2_6,Nutrient1,Anc,NA,166,TRE-1,Nutrient1,42,57.4,8.7,211.8,130,FALSE
3,3,3_1,JA,Anc,NA,178,TRE-1,JA,47,69,13.2,599.7,182,FALSE
3,3,3_2,Salt2,Anc,NA,194,TRE-1,Salt2,58,20.4,10.5,299,NA,FALSE
3,3,3_3,Salt1,Anc,NA,199,TRE-1,Salt1,53,41.1,7.7,248.8,54,FALSE
3,3,3_4,Cd2,Anc,NA,223,TRE-1,Cd2,49,74,11,NA,130,FALSE
3,3,3_5,actr,Anc,NA,234,TRE-1,actr1,35,49,6.5,331,254,FALSE
3,3,3_6,JActr,Anc,NA,243,TRE-1,JActr,68,42.4,15,551.4,85,FALSE
3,3,3_7,Cd1,Anc,NA,259,TRE-1,Cd1,67,69.1,11.1,468.9,240,FALSE
4,4,4_1,Drought,Anc,NA,278,TRE-1,Drought,NA,NA,7.9,66.6,NA,FALSE
4,4,4_3,Leaf,Anc,NA,294,TRE-1,Leaf,58,44.6,11.3,274.5,143,FALSE
4,4,4_4,Nutrient1,Anc,NA,295,TRE-1,Nutrient1,35,60.6,10.5,173.5,151,FALSE
4,4,4_6,actr,Anc,NA,309,TRE-1,actr2,40,49.5,11.6,512.3,172,FALSE
4,4,4_7,Nutrient2,Anc,NA,336,TRE-1,Nutrient2,39,39.5,6.5,327,15,FALSE
5,5,5_1,Salt1,Anc,NA,349,TRE-1,Salt1,49,45.2,11.2,310,126,FALSE
5,5,5_2,JActr,Anc,NA,359,TRE-1,JActr,37,50.7,10,510.7,282,FALSE
5,5,5_3,Cd1,Anc,NA,378,TRE-1,Cd1,NA,51.3,10,279.9,83,FALSE
5,5,5_4,Cd2,Anc,NA,392,TRE-1,Cd2,50,44.5,9,289.3,NA,FALSE
5,5,5_5,JA,Anc,NA,405,TRE-1,JA,38,49.4,13.7,734.6,352,FALSE
5,5,5_6,Salt2,Anc,NA,414,TRE-1,Salt2,40,37.7,11.5,368.5,83,FALSE
5,5,5_7,actr,Anc,NA,421,TRE-1,actr1,42,45.6,14.5,792.7,108,FALSE
7,7,7_1,Cd2,Anc,NA,446,TRE-1,Cd2,45,57.2,9.2,281.3,55,FALSE
7,7,7_2,Cd1,Anc,NA,458,TRE-1,Cd1,38,66,9.6,360.4,40,FALSE
7,7,7_3,JA,Anc,NA,471,TRE-1,JA,45,55,8.3,241.4,92,FALSE
7,7,7_4,actr,Anc,NA,480,TRE-1,actr1,38,74.8,8.3,276.3,251,FALSE
7,7,7_5,Salt1,Anc,NA,499,TRE-1,Salt1,45,37,8.4,111.7,104,FALSE
7,7,7_6,JActr,Anc,NA,505,TRE-1,JActr,70,16.4,8,259.4,NA,FALSE
7,7,7_7,Salt2,Anc,NA,529,TRE-1,Salt2,41,30.1,9.2,193.9,46,FALSE
8,8,8_1,Drought,Anc,NA,544,TRE-1,Drought,66,58,12,699.4,283,FALSE
8,8,8_2,Nutrient1,Anc,NA,555,TRE-1,Nutrient1,39,82,9,210.3,191,FALSE
8,8,8_3,Nutrient2,Anc,NA,564,TRE-1,Nutrient2,48,45.1,10.3,NA,NA,FALSE
8,8,8_6,Leaf,Anc,NA,580,TRE-1,Leaf,57,57.6,11.5,516.4,88,FALSE
8,8,8_7,actr,Anc,NA,595,TRE-1,actr2,43,49.3,12.2,786.9,147,FALSE
9,9,9_1,actr,Anc,NA,614,TRE-1,actr1,NA,50,10,219.7,129,FALSE
9,9,9_2,Cd1,Anc,NA,629,TRE-1,Cd1,59,36,10,339.8,66,FALSE
9,9,9_3,Cd2,Anc,NA,632,TRE-1,Cd2,57,28.7,NA,52,48,FALSE
9,9,9_4,Salt1,Anc,NA,653,TRE-1,Salt1,61,28.7,7,199.3,93,FALSE
9,9,9_5,Salt2,Anc,NA,659,TRE-1,Salt2,NA,NA,NA,NA,NA,FALSE
9,9,9_6,JA,Anc,NA,681,TRE-1,JA,NA,NA,15.8,436.7,NA,FALSE
9,9,9_7,JActr,Anc,NA,700,TRE-1,JActr,43,46.7,13,614.8,75,FALSE
10,10,10_1,actr,Anc,NA,712,TRE-1,actr2,47,57,9.1,312.8,113,FALSE
10,10,10_2,Drought,Anc,NA,722,TRE-1,Drought,70,30.5,8,272.9,18,FALSE
10,10,10_3,Nutrient2,Anc,NA,731,TRE-1,Nutrient2,58,33.9,13.3,688.9,35,FALSE
10,10,10_4,Leaf,Anc,NA,754,TRE-1,Leaf,42,36.2,7.6,250.6,159,FALSE
10,10,10_5,Nutrient1,Anc,NA,760,TRE-1,Nutrient1,60,27.8,9,290.5,70,FALSE
11,11,11_1,actr,Anc,NA,782,TRE-1,actr1,47,41.5,11.6,783,114,FALSE
11,11,11_2,JActr,Anc,NA,788,TRE-1,JActr,43,30.5,6,211.4,19,FALSE
11,11,11_3,JA,Anc,NA,808,TRE-1,JA,40,47.5,13.2,852.2,100,FALSE
11,11,11_4,Cd2,Anc,NA,816,TRE-1,Cd2,40,65.8,8.4,277.3,129,FALSE
11,11,11_5,Salt1,Anc,NA,839,TRE-1,Salt1,31,44,4.5,110.3,82,FALSE
11,11,11_6,Salt2,Anc,NA,849,TRE-1,Salt2,46,20.2,7.6,161.6,23,FALSE
11,11,11_7,Cd1,Anc,NA,868,TRE-1,Cd1,37,58.2,7.6,360.3,106,FALSE
12,12,12_3,Drought,Anc,NA,882,TRE-1,Drought,43,59,12,596.8,104,FALSE
12,12,12_4,Nutrient2,Anc,NA,894,TRE-1,Nutrient2,41,71,15.5,833.8,65,FALSE
12,12,12_5,actr,Anc,NA,897,TRE-1,actr2,53,47,8.1,239.5,114,FALSE
12,12,12_6,Leaf,Anc,NA,922,TRE-1,Leaf,58,56,8,NA,251,FALSE
12,12,12_7,Nutrient1,Anc,NA,936,TRE-1,Nutrient1,44,64.2,8.9,240.1,135,FALSE
6,6,6_1,Leaf,Anc,NA,946,TRE-1,Leaf,63,33,14,826.4,54,FALSE
6,6,6_2,Nutrient1,Anc,NA,956,TRE-1,Nutrient1,NA,45,8.5,253.8,95,FALSE
6,6,6_3,Drought,Anc,NA,971,TRE-1,Drought,45,40,8,277.9,35,FALSE
6,6,6_5,Nutrient2,Anc,NA,983,TRE-1,Nutrient2,43,48,12.5,572.7,75,FALSE
6,6,6_7,actr,Anc,NA,1002,TRE-1,actr2,53,44.5,15,738.4,62,FALSE
1,1,1_1,JA,Anc,NA,11,Tri-1,JA,52,47.5,10.9,187.6,98,FALSE
1,1,1_2,Salt1,Anc,NA,24,Tri-1,Salt1,37,22.1,NA,15.8,17,FALSE
1,1,1_3,Salt2,Anc,NA,30,Tri-1,Salt2,52,10.1,4.6,24.9,4,FALSE
1,1,1_4,Cd2,Anc,NA,44,Tri-1,Cd2,54,30,NA,64.9,9,FALSE
1,1,1_5,actr,Anc,NA,57,Tri-1,actr1,50,55,12,290.3,42,FALSE
1,1,1_6,Cd1,Anc,NA,80,Tri-1,Cd1,58,39,7.1,89.5,37,FALSE
1,1,1_7,JActr,Anc,NA,96,Tri-1,JActr,44,54,10.2,234.5,219,FALSE
2,2,2_1,Nutrient2,Anc,NA,102,Tri-1,Nutrient2,50,57.4,12.2,545.1,219,FALSE
2,2,2_2,actr,Anc,NA,114,Tri-1,actr2,50,49,7.5,124.7,92,FALSE
2,2,2_4,Drought,Anc,NA,132,Tri-1,Drought,51,39.8,7.4,81.8,64,FALSE
2,2,2_5,Leaf,Anc,NA,143,Tri-1,Leaf,53,52,10.8,NA,118,FALSE
2,2,2_6,Nutrient1,Anc,NA,165,Tri-1,Nutrient1,58,19.1,5.6,10.6,17,FALSE
3,3,3_1,JA,Anc,NA,176,Tri-1,JA,52,38.2,9.2,96.1,28,FALSE
3,3,3_2,Salt2,Anc,NA,193,Tri-1,Salt2,38,22.2,NA,7.8,10,FALSE
3,3,3_3,Salt1,Anc,NA,197,Tri-1,Salt1,52,16.2,5.3,51.6,8,FALSE
3,3,3_4,Cd2,Anc,NA,216,Tri-1,Cd2,52,36.1,7.5,61.4,28,FALSE
3,3,3_5,actr,Anc,NA,236,Tri-1,actr1,50,50.5,13.1,277.2,180,FALSE
3,3,3_6,JActr,Anc,NA,252,Tri-1,JActr,50,58.2,9.5,136.3,165,FALSE
3,3,3_7,Cd1,Anc,NA,254,Tri-1,Cd1,56,45,6,140.4,84,FALSE
4,4,4_1,Drought,Anc,NA,277,Tri-1,Drought,45,53.2,8.5,184.1,135,FALSE
4,4,4_4,Nutrient1,Anc,NA,308,Tri-1,Nutrient1,48,24,2.5,19.8,18,FALSE
4,4,4_6,actr,Anc,NA,317,Tri-1,actr2,60,55.5,13.8,150.6,151,FALSE
4,4,4_7,Nutrient2,Anc,NA,324,Tri-1,Nutrient2,58,58.3,13.3,552.3,91,FALSE
5,5,5_1,Salt1,Anc,NA,345,Tri-1,Salt1,49,46.5,11.4,271.6,139,FALSE
5,5,5_2,JActr,Anc,NA,356,Tri-1,JActr,59,42,9.5,166.6,109,FALSE
5,5,5_3,Cd1,Anc,NA,370,Tri-1,Cd1,51,46.5,9.6,244.7,123,FALSE
5,5,5_4,Cd2,Anc,NA,381,Tri-1,Cd2,51,36.4,7,116.1,32,FALSE
5,5,5_5,JA,Anc,NA,397,Tri-1,JA,50,58.6,13,256.3,69,FALSE
5,5,5_6,Salt2,Anc,NA,409,Tri-1,Salt2,48,27.2,8,96.8,21,FALSE
5,5,5_7,actr,Anc,NA,432,Tri-1,actr1,50,NA,NA,576.7,NA,FALSE
7,7,7_1,Cd2,Anc,NA,445,Tri-1,Cd2,67,17,7.8,126.1,0,FALSE
7,7,7_2,Cd1,Anc,NA,455,Tri-1,Cd1,64,27,9.6,125.3,7,FALSE
7,7,7_3,JA,Anc,NA,476,Tri-1,JA,54,50.8,8.2,192.3,120,FALSE
7,7,7_4,actr,Anc,NA,477,Tri-1,actr1,56,48,9.5,163,103,FALSE
7,7,7_5,Salt1,Anc,NA,495,Tri-1,Salt1,58,24.2,5.3,91.4,5,FALSE
7,7,7_6,JActr,Anc,NA,506,Tri-1,JActr,53,47,11.2,150.5,26,FALSE
7,7,7_7,Salt2,Anc,NA,524,Tri-1,Salt2,44,25.6,3.1,86,45,FALSE
8,8,8_1,Drought,Anc,NA,543,Tri-1,Drought,63,45.5,9,133.6,62,FALSE
8,8,8_2,Nutrient1,Anc,NA,554,Tri-1,Nutrient1,50,53.6,8.7,55.7,53,FALSE
8,8,8_3,Nutrient2,Anc,NA,569,Tri-1,Nutrient2,52,43.1,11.3,178.6,20,FALSE
8,8,8_6,Leaf,Anc,NA,584,Tri-1,Leaf,51,62,14.5,578.8,400,FALSE
8,8,8_7,actr,Anc,NA,590,Tri-1,actr2,59,47,15,364.8,67,FALSE
9,9,9_1,actr,Anc,NA,613,Tri-1,actr1,66,38.6,10.8,84.4,99,FALSE
9,9,9_2,Cd1,Anc,NA,617,Tri-1,Cd1,NA,NA,NA,NA,NA,FALSE
9,9,9_3,Cd2,Anc,NA,635,Tri-1,Cd2,56,46.1,8,155,91,FALSE
9,9,9_4,Salt1,Anc,NA,655,Tri-1,Salt1,54,48,8,95.6,46,FALSE
9,9,9_5,Salt2,Anc,NA,671,Tri-1,Salt2,54,13.6,NA,20.6,3,FALSE
9,9,9_6,JA,Anc,NA,674,Tri-1,JA,50,43.2,9.1,166.2,123,FALSE
9,9,9_7,JActr,Anc,NA,694,Tri-1,JActr,51,49.5,15,431.1,104,FALSE
10,10,10_1,actr,Anc,NA,711,Tri-1,actr2,45,45,8.9,194.4,127,FALSE
10,10,10_2,Drought,Anc,NA,717,Tri-1,Drought,46,53,7,189.2,195,FALSE
10,10,10_3,Nutrient2,Anc,NA,738,Tri-1,Nutrient2,43,45,13.9,459.1,120,FALSE
10,10,10_4,Leaf,Anc,NA,743,Tri-1,Leaf,52,50.6,9.2,303.4,134,FALSE
10,10,10_5,Nutrient1,Anc,NA,763,Tri-1,Nutrient1,49,46.5,5.8,43.9,64,FALSE
11,11,11_1,actr,Anc,NA,781,Tri-1,actr1,57,55.5,12.9,608.1,170,FALSE
11,11,11_2,JActr,Anc,NA,792,Tri-1,JActr,58,NA,14.5,315.9,46,FALSE
11,11,11_3,JA,Anc,NA,804,Tri-1,JA,49,42.5,14,603.1,262,FALSE
11,11,11_4,Cd2,Anc,NA,822,Tri-1,Cd2,56,47.6,8,163.2,84,FALSE
11,11,11_5,Salt1,Anc,NA,830,Tri-1,Salt1,40,36.7,8.9,75.3,97,FALSE
11,11,11_6,Salt2,Anc,NA,847,Tri-1,Salt2,50,32.3,11,203.2,57,FALSE
11,11,11_7,Cd1,Anc,NA,858,Tri-1,Cd1,58,53.8,11.5,234.3,85,FALSE
12,12,12_3,Drought,Anc,NA,871,Tri-1,Drought,38,43.2,8.8,171.2,256,FALSE
12,12,12_4,Nutrient2,Anc,NA,886,Tri-1,Nutrient2,42,56,13,763.7,260,FALSE
12,12,12_6,Leaf,Anc,NA,911,Tri-1,Leaf,48,55.1,11.9,294,NA,FALSE
12,12,12_7,Nutrient1,Anc,NA,935,Tri-1,Nutrient1,38,NA,NA,69.6,NA,FALSE
6,6,6_1,Leaf,Anc,NA,943,Tri-1,Leaf,51,51,7,372.3,248,FALSE
6,6,6_2,Nutrient1,Anc,NA,966,Tri-1,Nutrient1,54,48.6,7.6,125.9,65,FALSE
6,6,6_3,Drought,Anc,NA,972,Tri-1,Drought,51,41.7,11.4,197.5,39,FALSE
6,6,6_5,Nutrient2,Anc,NA,981,Tri-1,Nutrient2,51,44,13,338,211,FALSE
6,6,6_7,actr,Anc,NA,1008,Tri-1,actr2,57,45,9.2,248.4,NA,FALSE
1,1,1_1,JA,Anc,NA,6,Ws-2,JA,25,29.7,NA,98.6,162,FALSE
1,1,1_2,Salt1,Anc,NA,20,Ws-2,Salt1,34,23.3,NA,42.1,61,FALSE
1,1,1_3,Salt2,Anc,NA,41,Ws-2,Salt2,33,21,2,60.8,63,FALSE
1,1,1_4,Cd2,Anc,NA,55,Ws-2,Cd2,23,25.1,4.3,96.6,57,FALSE
1,1,1_5,actr,Anc,NA,61,Ws-2,actr1,22,33.5,5.2,153.4,254,FALSE
1,1,1_6,Cd1,Anc,NA,82,Ws-2,Cd1,31,21,5,109,254,FALSE
1,1,1_7,JActr,Anc,NA,94,Ws-2,JActr,22,29.5,4,177.8,322,FALSE
2,2,2_1,Nutrient2,Anc,NA,112,Ws-2,Nutrient2,24,26,NA,40.8,46,FALSE
2,2,2_2,actr,Anc,NA,113,Ws-2,actr2,32,27,NA,14.1,42,FALSE
2,2,2_4,Drought,Anc,NA,135,Ws-2,Drought,23,27.2,3.3,64.9,NA,FALSE
2,2,2_5,Leaf,Anc,NA,152,Ws-2,Leaf,30,20.5,NA,39.2,15,FALSE
2,2,2_6,Nutrient1,Anc,NA,160,Ws-2,Nutrient1,28,24,NA,111.6,145,FALSE
3,3,3_1,JA,Anc,NA,174,Ws-2,JA,30,45.3,5.6,106.8,235,FALSE
3,3,3_2,Salt2,Anc,NA,188,Ws-2,Salt2,28,10.6,NA,54.8,11,FALSE
3,3,3_3,Salt1,Anc,NA,198,Ws-2,Salt1,32,22.1,NA,31.5,30,FALSE
3,3,3_4,Cd2,Anc,NA,212,Ws-2,Cd2,22,19,3,32.7,7,FALSE
3,3,3_5,actr,Anc,NA,232,Ws-2,actr1,30,16,NA,37.7,63,FALSE
3,3,3_6,JActr,Anc,NA,245,Ws-2,JActr,25,27.3,5.5,102.7,123,FALSE
3,3,3_7,Cd1,Anc,NA,260,Ws-2,Cd1,32,19,NA,52.7,61,FALSE
4,4,4_1,Drought,Anc,NA,272,Ws-2,Drought,27,25.5,NA,73.2,144,FALSE
4,4,4_3,Leaf,Anc,NA,284,Ws-2,Leaf,22,22.5,2.5,82.9,145,FALSE
4,4,4_4,Nutrient1,Anc,NA,302,Ws-2,Nutrient1,24,33,NA,74,70,FALSE
4,4,4_6,actr,Anc,NA,318,Ws-2,actr2,29,28.5,3,84.8,189,FALSE
4,4,4_7,Nutrient2,Anc,NA,335,Ws-2,Nutrient2,24,25.6,NA,57.7,115,FALSE
5,5,5_1,Salt1,Anc,NA,350,Ws-2,Salt1,28,18.7,3.3,30.3,78,FALSE
5,5,5_2,JActr,Anc,NA,351,Ws-2,JActr,NA,29.4,NA,72.1,138,FALSE
5,5,5_3,Cd1,Anc,NA,375,Ws-2,Cd1,30,35.6,8.2,NA,298,FALSE
5,5,5_4,Cd2,Anc,NA,382,Ws-2,Cd2,24,25.2,NA,54.3,145,FALSE
5,5,5_5,JA,Anc,NA,403,Ws-2,JA,20,29.6,3.5,175.4,357,FALSE
5,5,5_6,Salt2,Anc,NA,420,Ws-2,Salt2,21,29.5,5.2,81.4,133,FALSE
5,5,5_7,actr,Anc,NA,431,Ws-2,actr1,25,32.5,5.8,193.7,303,FALSE
7,7,7_1,Cd2,Anc,NA,440,Ws-2,Cd2,23,33.5,4.7,92.2,69,FALSE
7,7,7_2,Cd1,Anc,NA,454,Ws-2,Cd1,23,32.3,1.2,109.4,78,FALSE
7,7,7_3,JA,Anc,NA,473,Ws-2,JA,22,31.8,3.6,99.9,69,FALSE
7,7,7_4,actr,Anc,NA,484,Ws-2,actr1,26,33.8,3.2,77.2,106,FALSE
7,7,7_5,Salt1,Anc,NA,502,Ws-2,Salt1,23,35.6,2.5,83.5,115,FALSE
7,7,7_6,JActr,Anc,NA,510,Ws-2,JActr,20,32.2,5.6,88.8,135,FALSE
7,7,7_7,Salt2,Anc,NA,526,Ws-2,Salt2,23,29.1,5.5,132.4,197,FALSE
8,8,8_1,Drought,Anc,NA,538,Ws-2,Drought,24,26.8,NA,45,102,FALSE
8,8,8_2,Nutrient1,Anc,NA,560,Ws-2,Nutrient1,24,41.6,2.6,56,143,FALSE
8,8,8_3,Nutrient2,Anc,NA,570,Ws-2,Nutrient2,20,20,4,84.4,175,FALSE
8,8,8_6,Leaf,Anc,NA,579,Ws-2,Leaf,23,19.5,NA,33.4,86,FALSE
8,8,8_7,actr,Anc,NA,602,Ws-2,actr2,26,29,5,127.3,206,FALSE
9,9,9_1,actr,Anc,NA,608,Ws-2,actr1,26,33,NA,89.8,263,FALSE
9,9,9_2,Cd1,Anc,NA,620,Ws-2,Cd1,26,26,NA,84.6,108,FALSE
9,9,9_3,Cd2,Anc,NA,637,Ws-2,Cd2,23,27,NA,95,190,FALSE
9,9,9_4,Salt1,Anc,NA,658,Ws-2,Salt1,27,28.7,NA,69.2,104,FALSE
9,9,9_5,Salt2,Anc,NA,669,Ws-2,Salt2,22,25,NA,62.6,55,FALSE
9,9,9_6,JA,Anc,NA,679,Ws-2,JA,31,24,NA,89.9,222,FALSE
9,9,9_7,JActr,Anc,NA,698,Ws-2,JActr,26,54,5,164.2,258,FALSE
10,10,10_1,actr,Anc,NA,706,Ws-2,actr2,24,18.6,NA,36.3,71,FALSE
10,10,10_2,Drought,Anc,NA,721,Ws-2,Drought,24,23.9,NA,39.2,100,FALSE
10,10,10_3,Nutrient2,Anc,NA,736,Ws-2,Nutrient2,32,26,NA,46.3,80,FALSE
10,10,10_4,Leaf,Anc,NA,756,Ws-2,Leaf,30,25.6,4.2,67.6,122,FALSE
10,10,10_5,Nutrient1,Anc,NA,761,Ws-2,Nutrient1,26,34.6,1.2,33.6,63,FALSE
11,11,11_1,actr,Anc,NA,776,Ws-2,actr1,23,36.3,3.4,156.3,256,FALSE
11,11,11_2,JActr,Anc,NA,798,Ws-2,JActr,25,23.9,NA,58.5,95,FALSE
11,11,11_3,JA,Anc,NA,805,Ws-2,JA,23,31.5,3,133.1,283,FALSE
11,11,11_4,Cd2,Anc,NA,814,Ws-2,Cd2,NA,29.8,7.5,128.6,113,FALSE
11,11,11_5,Salt1,Anc,NA,827,Ws-2,Salt1,21,20.6,1.3,45.9,70,FALSE
11,11,11_6,Salt2,Anc,NA,844,Ws-2,Salt2,21,25.2,NA,72.7,55,FALSE
11,11,11_7,Cd1,Anc,NA,859,Ws-2,Cd1,25,32,5.5,123.9,253,FALSE
12,12,12_3,Drought,Anc,NA,874,Ws-2,Drought,25,27.2,NA,60.4,147,FALSE
12,12,12_4,Nutrient2,Anc,NA,893,Ws-2,Nutrient2,22,39.5,NA,183.4,316,FALSE
12,12,12_5,actr,Anc,NA,906,Ws-2,actr2,23,32,4.5,151.3,296,FALSE
12,12,12_6,Leaf,Anc,NA,912,Ws-2,Leaf,22,28.2,1.5,93.6,113,FALSE
12,12,12_7,Nutrient1,Anc,NA,930,Ws-2,Nutrient1,NA,50.9,1.7,259.5,149,FALSE
6,6,6_1,Leaf,Anc,NA,952,Ws-2,Leaf,33,7.8,NA,66.1,6,FALSE
6,6,6_2,Nutrient1,Anc,NA,964,Ws-2,Nutrient1,30,25.2,1.5,67.6,100,FALSE
6,6,6_3,Drought,Anc,NA,968,Ws-2,Drought,26,22,NA,29.5,32,FALSE
6,6,6_5,Nutrient2,Anc,NA,982,Ws-2,Nutrient2,22,28.5,NA,59.1,85,FALSE
6,6,6_7,actr,Anc,NA,996,Ws-2,actr2,30,30.2,4.7,139.7,338,FALSE
